feature_id,link,claude_desc
2284,https://www.neuronpedia.org/llama3.1-8b/19-llamascope-res-131k/2284,"The letter ""u"" appearing in various contexts including names, programming code, and international terminology."
2966,https://www.neuronpedia.org/llama3.1-8b/19-llamascope-res-131k/2966,"Words and phrases that serve key discourse functions: introducing personal identity statements, creating transitions between ideas, establishing contrasts/concessions, or qualifying preceding information."
3583,https://www.neuronpedia.org/llama3.1-8b/19-llamascope-res-131k/3583,"Text that marks boundaries between different speakers or comments in online conversations, including usernames, timestamps, and punctuation that separates messages in discussion threads."
5767,https://www.neuronpedia.org/llama3.1-8b/19-llamascope-res-131k/5767,"Forum-related terminology, navigation elements, and code structures commonly found in web discussion boards and their implementations."
5879,https://www.neuronpedia.org/llama3.1-8b/19-llamascope-res-131k/5879,"Words and phrases related to artificial intelligence, robots, and technological entities appearing in science fiction and technology-focused content."
7472,https://www.neuronpedia.org/llama3.1-8b/19-llamascope-res-131k/7472,"Conversational openings and self-introduction phrases, particularly greetings followed by names or identity statements in dialogue contexts."
9658,https://www.neuronpedia.org/llama3.1-8b/19-llamascope-res-131k/9658,"Period followed by a closing quotation mark or other text in forum-style posts, marking the end of a person's contribution before another begins."
10300,https://www.neuronpedia.org/llama3.1-8b/19-llamascope-res-131k/10300,"Words that appear at the beginning of sentences or paragraphs, particularly pronouns, articles, and other sentence-initial tokens."
10637,https://www.neuronpedia.org/llama3.1-8b/19-llamascope-res-131k/10637,Specific domain terminology or technical concepts that serve as key focal points within their respective contexts.
11125,https://www.neuronpedia.org/llama3.1-8b/19-llamascope-res-131k/11125,"Complete sentences ending with periods that contain biographical information such as education, geographic origin, or professional experience, typically appearing in staff profiles or personal introductions."
12096,https://www.neuronpedia.org/llama3.1-8b/19-llamascope-res-131k/12096,"Words and phrases that serve as evaluation markers, expressing opinions, compliments, or qualifiers in descriptive passages."
13015,https://www.neuronpedia.org/llama3.1-8b/19-llamascope-res-131k/13015,"Question mark immediately followed by two closing angle brackets (?>>) at the end of questions, often in interview or Q&A contexts, with the closing brackets separating the question from the answer that follows."
13387,https://www.neuronpedia.org/llama3.1-8b/19-llamascope-res-131k/13387,"Special characters and formatting markers used in digital text, including quotation marks, emoticons, HTML attributes, and punctuation that serves as structural elements rather than linguistic content."
13841,https://www.neuronpedia.org/llama3.1-8b/19-llamascope-res-131k/13841,"Phrases indicating topic changes, diversions, or redirections in conversations and arguments."
15829,https://www.neuronpedia.org/llama3.1-8b/19-llamascope-res-131k/15829,"Function words (conjunctions, prepositions, adverbs) and punctuation that connect clauses or establish relationships between parts of sentences."
16513,https://www.neuronpedia.org/llama3.1-8b/19-llamascope-res-131k/16513,"Important conceptual or descriptive terms that carry significant meaning in the text, often representing qualities, states of being, or key ideas central to the passage's argument or narrative."
16966,https://www.neuronpedia.org/llama3.1-8b/19-llamascope-res-131k/16966,"Punctuation marks (primarily question marks, periods, and commas) that appear at the end of a statement, often preceding another person's response in a conversation or marking the transition between different parts of text in online discussions."
18336,https://www.neuronpedia.org/llama3.1-8b/19-llamascope-res-131k/18336,Speaker names or identifiers in dialogue transcripts that indicate who is speaking in a conversation.
18700,https://www.neuronpedia.org/llama3.1-8b/19-llamascope-res-131k/18700,"Food ingredients, recipe components, and dish names in a cookbook or menu context."
19113,https://www.neuronpedia.org/llama3.1-8b/19-llamascope-res-131k/19113,"Descriptions of how automated systems, AI, or machine learning perform tasks, interact with, or compare to humans across various domains."
19625,https://www.neuronpedia.org/llama3.1-8b/19-llamascope-res-131k/19625,"Names of people, often appearing as signatures at the end of messages, in testimonials, or as references to specific individuals in various types of correspondence."
19657,https://www.neuronpedia.org/llama3.1-8b/19-llamascope-res-131k/19657,"Mentions of pronouns, transgender, non-binary, and gender-nonconforming identities in contexts related to self-identification, inclusive language, or gender diversity."
20196,https://www.neuronpedia.org/llama3.1-8b/19-llamascope-res-131k/20196,"Contact information, dates, locations, and other metadata appearing at section breaks or content boundaries."
20401,https://www.neuronpedia.org/llama3.1-8b/19-llamascope-res-131k/20401,"Prepositions and possessives that establish relationships between people, organizations, and their products, projects or locations."
20657,https://www.neuronpedia.org/llama3.1-8b/19-llamascope-res-131k/20657,"Tokens that represent testing or assessment methods, including formal tests, assays, indicators, and measurements used in scientific, medical, or technical contexts."
20704,https://www.neuronpedia.org/llama3.1-8b/19-llamascope-res-131k/20704,"Text segments that provide definitions, origins, or explanations of linguistic terms, idioms, or expressions."
21126,https://www.neuronpedia.org/llama3.1-8b/19-llamascope-res-131k/21126,"The suffix ""ate"" appearing in various words, commonly in verbs, chemical compounds, and technical terminology."
21425,https://www.neuronpedia.org/llama3.1-8b/19-llamascope-res-131k/21425,"Method calls for assertions and validations in testing frameworks, particularly for verifying properties of API responses."
21734,https://www.neuronpedia.org/llama3.1-8b/19-llamascope-res-131k/21734,"Punctuation marks and markers that structure dialogue in text, including quotation marks, colons before speech, ellipses indicating pauses, and terminal punctuation that ends spoken segments."
23216,https://www.neuronpedia.org/llama3.1-8b/19-llamascope-res-131k/23216,"Second-person pronouns and questioning structures that directly address and engage the reader, often in contexts of self-discovery or interactive content."
25271,https://www.neuronpedia.org/llama3.1-8b/19-llamascope-res-131k/25271,"References to artificial intelligence capabilities, applications, or systems that perform automated tasks traditionally requiring human intelligence."
25816,https://www.neuronpedia.org/llama3.1-8b/19-llamascope-res-131k/25816,"Common grammatical connectors (prepositions, conjunctions, copula verbs) that establish relationships between parts of sentences in formal descriptive text."
29917,https://www.neuronpedia.org/llama3.1-8b/19-llamascope-res-131k/29917,"References to individuals experiencing health conditions, illnesses, or age-related challenges, often in biographical or news contexts."
30090,https://www.neuronpedia.org/llama3.1-8b/19-llamascope-res-131k/30090,"Technical or specialized terms and phrases that appear in repetitive structured content like listings, documentation, code snippets, or formatted database entries. These often include proper nouns (like ""Detroit"", ""Star Wars""), technical terminology (like ""ALLEN_KEY_STOW""), service descriptions (""Student Loan Forgiveness Programs""), or components of standardized phrases repeated across similar items."
30208,https://www.neuronpedia.org/llama3.1-8b/19-llamascope-res-131k/30208,"A period followed by a closing quotation mark or a period at the end of a sentence, often marking the completion of a statement or quote."
31122,https://www.neuronpedia.org/llama3.1-8b/19-llamascope-res-131k/31122,"Text passages following ""<|begin_of_text|>Q:"" that represent the beginning of technical user questions on forums or Q&A websites."
31185,https://www.neuronpedia.org/llama3.1-8b/19-llamascope-res-131k/31185,"Section headings or document titles that appear before content sections, often followed by a line break and subsequent detailed information related to the heading topic."
32853,https://www.neuronpedia.org/llama3.1-8b/19-llamascope-res-131k/32853,"Connective elements in sentences that join clauses or create transitions in explanatory or review text, often including punctuation marks, conjunctions, or key nouns that establish the subject being discussed."
33871,https://www.neuronpedia.org/llama3.1-8b/19-llamascope-res-131k/33871,"Punctuation marks and special characters in structured documents, particularly in mathematical equations, code blocks, and bibliographic formatting."
34124,https://www.neuronpedia.org/llama3.1-8b/19-llamascope-res-131k/34124,"Text expressing nostalgia or reminiscence, often using phrases like ""down memory lane,"" ""brings back memories,"" or describing fond recollections of past experiences that evoke emotional responses."
36510,https://www.neuronpedia.org/llama3.1-8b/19-llamascope-res-131k/36510,"Mathematical symbols and variables in LaTeX format appearing in graph theory equations, particularly Greek letters like epsilon and probability notations that define key parameters in approximation proofs."
36572,https://www.neuronpedia.org/llama3.1-8b/19-llamascope-res-131k/36572,"Text describing artificial intelligence capabilities and limitations, often comparing AI systems to human performance in specific domains."
36940,https://www.neuronpedia.org/llama3.1-8b/19-llamascope-res-131k/36940,"Definitional or descriptive text segments that provide key identifying information about people, organizations, or concepts, often containing affiliations, specifications, or technical details."
38321,https://www.neuronpedia.org/llama3.1-8b/19-llamascope-res-131k/38321,"Words related to personal capabilities and positive attributes, particularly ""strengths"" and its synonyms like ""talents"" and ""gifts,"" often in educational or professional development contexts."
38756,https://www.neuronpedia.org/llama3.1-8b/19-llamascope-res-131k/38756,"Special tokens or symbols that appear in programming code, markup language, or mathematical notation, serving as delimiters, operators, or specific syntax elements. These include punctuation marks in JavaScript/CSS/HTML (like brackets, quotes, equals signs), variable names in C/C++ code, markup tags in XML/HTML, or mathematical notation symbols in LaTeX/TeX documents."
38867,https://www.neuronpedia.org/llama3.1-8b/19-llamascope-res-131k/38867,"Words ending with the ""-ing"" sound plus ""s"" or similar suffix, often appearing in surnames or technical terminology in formal contexts."
39097,https://www.neuronpedia.org/llama3.1-8b/19-llamascope-res-131k/39097,"Named entities, keywords, or parameter names that serve as important identifiers within their respective contexts (programming functions, state names, color schemes, food items, material types)."
40723,https://www.neuronpedia.org/llama3.1-8b/19-llamascope-res-131k/40723,"A period that terminates a sentence describing a product feature, service capability, or software functionality, often in marketing or technical documentation."
41829,https://www.neuronpedia.org/llama3.1-8b/19-llamascope-res-131k/41829,"Polite expressions of willingness to help or assist, typically using phrases like ""would be happy to"", ""will be happy to"", ""is happy to"" in contexts where someone offers to provide information, answer questions, or assist with services."
42849,https://www.neuronpedia.org/llama3.1-8b/19-llamascope-res-131k/42849,"Punctuation marks (periods and question marks) that structure academic content, particularly at the end of numbered questions or between sections in educational materials."
43308,https://www.neuronpedia.org/llama3.1-8b/19-llamascope-res-131k/43308,"Words and phrases that connect or transition between ideas, often indicating reported speech, certainty, or logical relationships between clauses."
46219,https://www.neuronpedia.org/llama3.1-8b/19-llamascope-res-131k/46219,"Text appearing immediately before end-of-sentence punctuation marks (periods, exclamation points), often representing the final words of a statement before the sentence closes."
46350,https://www.neuronpedia.org/llama3.1-8b/19-llamascope-res-131k/46350,"Names, web addresses, and repeated structural elements that appear in digital publishing contexts such as article bylines, photo credits, website navigation, and technical documentation."
47697,https://www.neuronpedia.org/llama3.1-8b/19-llamascope-res-131k/47697,"The token marks the beginning or end of a post/comment in an online forum or chat conversation, often indicating transitions between different speakers in threaded discussions."
48668,https://www.neuronpedia.org/llama3.1-8b/19-llamascope-res-131k/48668,"Educational platform content relating to homework help, student resources, and online learning services."
49769,https://www.neuronpedia.org/llama3.1-8b/19-llamascope-res-131k/49769,"Code sections containing variable assignments, function calls, or control structures at the beginning of code blocks, often appearing after opening braces or at line beginnings with indentation."
50834,https://www.neuronpedia.org/llama3.1-8b/19-llamascope-res-131k/50834,"Single letters that appear as part of programming function names, class names, variable prefixes, website URLs, product brand names, or academic reference identifiers. Often these single letters represent a namespace prefix, programming convention, or brand identifier that distinguishes the entity in its context."
51959,https://www.neuronpedia.org/llama3.1-8b/19-llamascope-res-131k/51959,"Common phrasal structures and idiomatic expressions containing auxiliary verbs (especially forms of ""be"") and articles preceding nouns, often in explanatory or definitional text."
53360,https://www.neuronpedia.org/llama3.1-8b/19-llamascope-res-131k/53360,"The patterns show programmatic access to object properties, methods, or array elements in various programming languages (JavaScript, Python, Ruby, C#, PHP), particularly when referencing variables, calling methods, or accessing array indices."
56825,https://www.neuronpedia.org/llama3.1-8b/19-llamascope-res-131k/56825,"Text about software engineers, developers, or engineering roles, often in tech companies or projects, typically discussing their work, skills, or experiences in software development environments."
57128,https://www.neuronpedia.org/llama3.1-8b/19-llamascope-res-131k/57128,"Common prepositions and comparative structures in everyday language that establish relationships between people, things, or concepts through comparison, connection, or attribution."
58430,https://www.neuronpedia.org/llama3.1-8b/19-llamascope-res-131k/58430,"Phrases indicating creative reinterpretation of existing concepts, genres, or formats, typically using constructions like ""take on,"" ""twist on,"" or ""version of"" to connect new works to their inspirations."
59062,https://www.neuronpedia.org/llama3.1-8b/19-llamascope-res-131k/59062,"Subject-verb constructions that establish identity, occupation, or status information about a person in biographical or descriptive passages."
62422,https://www.neuronpedia.org/llama3.1-8b/19-llamascope-res-131k/62422,"Specific tokens within code snippets, HTML/JavaScript elements, file paths and module names that correspond to variables, components, parameters, or programming identifiers."
63095,https://www.neuronpedia.org/llama3.1-8b/19-llamascope-res-131k/63095,"Terms that function as keywords or category labels in online content, commonly used for search engine optimization or content classification."
67941,https://www.neuronpedia.org/llama3.1-8b/19-llamascope-res-131k/67941,"Punctuation marks and formatting elements that separate parenthetical phrases, appositives, or other contextual information from the main text."
68518,https://www.neuronpedia.org/llama3.1-8b/19-llamascope-res-131k/68518,"Domain names and web URL extensions appearing in online references, citations, or as sources of information."
69072,https://www.neuronpedia.org/llama3.1-8b/19-llamascope-res-131k/69072,"Linguistic conjunctions, connecting words, and punctuation that create coherent relationships between ideas in a text, often appearing in pairs to form natural transitions or clause connections."
69095,https://www.neuronpedia.org/llama3.1-8b/19-llamascope-res-131k/69095,Opening words or punctuation marks that signal the beginning of dialogue or direct speech.
69927,https://www.neuronpedia.org/llama3.1-8b/19-llamascope-res-131k/69927,"Text elements that frequently appear in digital communication contexts, particularly in programming code, chat applications, and technical documentation."
69961,https://www.neuronpedia.org/llama3.1-8b/19-llamascope-res-131k/69961,Text describing or referring to verbal communication and conversation as a means of social connection and relationship building.
71317,https://www.neuronpedia.org/llama3.1-8b/19-llamascope-res-131k/71317,"Words that establish relationships between entities, often including forms of ""to be,"" possessive constructions, or terms that indicate reciprocal influence or connection between objects, people, or concepts."
71393,https://www.neuronpedia.org/llama3.1-8b/19-llamascope-res-131k/71393,"Text delimiter marking the transition between introductory content and the beginning of a quoted or formal text such as statements, letters, or announcements."
73221,https://www.neuronpedia.org/llama3.1-8b/19-llamascope-res-131k/73221,"Programming language type names, class identifiers, method names, and variable identifiers in code, often appearing in declarations, imports, or file references."
74597,https://www.neuronpedia.org/llama3.1-8b/19-llamascope-res-131k/74597,Subordinating conjunctions and relative pronouns that introduce dependent clauses providing additional context or explanation to the main clause.
75815,https://www.neuronpedia.org/llama3.1-8b/19-llamascope-res-131k/75815,"Question-answer pairs from FAQ sections on websites, where questions are followed by direct answers providing information, instructions, or explanations about services, products, or procedures."
76117,https://www.neuronpedia.org/llama3.1-8b/19-llamascope-res-131k/76117,"Technical or specialized terminology from various professional fields and industries, often appearing in website navigation menus or product/service listings."
76146,https://www.neuronpedia.org/llama3.1-8b/19-llamascope-res-131k/76146,"Phrases that introduce or describe typical daily routines, schedules, or representative examples of regular activities."
76268,https://www.neuronpedia.org/llama3.1-8b/19-llamascope-res-131k/76268,"Text that provides user interface guidance in programming code, particularly console output prompts, error messages, and form field placeholders."
78117,https://www.neuronpedia.org/llama3.1-8b/19-llamascope-res-131k/78117,"Product or software name endings, typically occurring in technical documentation, marketing materials, or user guides."
78256,https://www.neuronpedia.org/llama3.1-8b/19-llamascope-res-131k/78256,"Punctuation marks (especially question marks, periods, and commas) that structure text in forms, surveys, and questionnaires, often appearing at boundaries between different content sections or at the end of questions."
79579,https://www.neuronpedia.org/llama3.1-8b/19-llamascope-res-131k/79579,"Letters and small connecting words that form critical parts of program identifiers, mathematical notation, or bibliographic information in technical documents."
79831,https://www.neuronpedia.org/llama3.1-8b/19-llamascope-res-131k/79831,"Technical terms denoting tools or components that process or transform data/input into different forms or representations, such as ""renderer"", ""converter"", ""parser"", ""generator"", ""emulator"", ""mapper"", and ""matcher"" - typically appearing in software, engineering, or technical documentation contexts."
80012,https://www.neuronpedia.org/llama3.1-8b/19-llamascope-res-131k/80012,"""are"" appears in statements describing demographic composition, typically following phrases like ""X percent of [group]"" or ""most of whom"" when providing statistical or factual information about populations."
80445,https://www.neuronpedia.org/llama3.1-8b/19-llamascope-res-131k/80445,"Punctuation marks and text segments that structure technical information, often appearing in product descriptions, instructions, or educational content formatted as lists."
80759,https://www.neuronpedia.org/llama3.1-8b/19-llamascope-res-131k/80759,"Special Unicode characters and emoji that serve as formatting elements, bullet points, decorative markers, or interactive icons in digital text."
81123,https://www.neuronpedia.org/llama3.1-8b/19-llamascope-res-131k/81123,Dash or minus symbols representing missing or null values in scientific/technical data tables.
82330,https://www.neuronpedia.org/llama3.1-8b/19-llamascope-res-131k/82330,"Interface elements and metadata components from digital platforms, particularly related to user interaction points, content categorization, and system status indicators."
84186,https://www.neuronpedia.org/llama3.1-8b/19-llamascope-res-131k/84186,"Names, titles or honorifics used as direct forms of address in dialogue or quotations."
85194,https://www.neuronpedia.org/llama3.1-8b/19-llamascope-res-131k/85194,"Programming variable suffixes and naming conventions, especially ""_mm_s"" for movement speeds in millimeters per second in 3D printing code."
86084,https://www.neuronpedia.org/llama3.1-8b/19-llamascope-res-131k/86084,"Names of location-based entities, products, services, or branded programs, often representing specific places, games, tools, events, or commercial offerings."
87322,https://www.neuronpedia.org/llama3.1-8b/19-llamascope-res-131k/87322,"Question marks at the end of sentences, often serving as rhetorical devices or transitional elements that lead into explanations or answers in the following text."
88541,https://www.neuronpedia.org/llama3.1-8b/19-llamascope-res-131k/88541,"Groups of tokens that together form a complete semantic or functional unit, such as technical parameters, multi-part names, menu items, or structured components that need to be preserved as a whole."
88858,https://www.neuronpedia.org/llama3.1-8b/19-llamascope-res-131k/88858,"Names, brands, or specific identifiers that represent distinct products, services, places, or organizations."
89210,https://www.neuronpedia.org/llama3.1-8b/19-llamascope-res-131k/89210,String literals in code (often enclosed in quotes) containing text that will be displayed or used as output in various programming contexts.
89277,https://www.neuronpedia.org/llama3.1-8b/19-llamascope-res-131k/89277,"Text that represents names, labels, titles, or identifiers, often appearing after phrases like ""called,"" ""stands for,"" or ""would be."""
89444,https://www.neuronpedia.org/llama3.1-8b/19-llamascope-res-131k/89444,"Connecting words or phrases (conjunctions, relative pronouns) that link parts of sentences or establish relationships between people/things mentioned in the text."
90169,https://www.neuronpedia.org/llama3.1-8b/19-llamascope-res-131k/90169,"Popular sayings, quotes, or expressions that convey concise wisdom, often followed by commentary on their significance or application to a situation."
90330,https://www.neuronpedia.org/llama3.1-8b/19-llamascope-res-131k/90330,"References to specific words or phrases being quoted, spoken, or remembered, often with emphasis on their significance within the narrative context."
90622,https://www.neuronpedia.org/llama3.1-8b/19-llamascope-res-131k/90622,"Phrases that introduce, reference or attribute common sayings, proverbs, or conventional wisdom in text."
90867,https://www.neuronpedia.org/llama3.1-8b/19-llamascope-res-131k/90867,"Forum or social media user status indicators that appear next to usernames, showing information about users' roles, presence status, or account details (like ""Very Senior"", ""Just"", ""is away"", ""user is a moderator"", etc.) in an online community interface."
92534,https://www.neuronpedia.org/llama3.1-8b/19-llamascope-res-131k/92534,"Text formatting markers that separate document sections, introduce definitions, or begin descriptive statements in technical and reference materials."
96016,https://www.neuronpedia.org/llama3.1-8b/19-llamascope-res-131k/96016,"Common transitional phrases that indicate contrast (""And yet"") or methodological descriptions (""by using"") in academic or narrative text."
96031,https://www.neuronpedia.org/llama3.1-8b/19-llamascope-res-131k/96031,"Tokens that serve as formatting elements or structural components in webpages, navigation menus, digital documents, or content separators."
96643,https://www.neuronpedia.org/llama3.1-8b/19-llamascope-res-131k/96643,"Contractions and punctuation in quoted speech, particularly negative contractions (don't, isn't) and end-of-quote punctuation."
97422,https://www.neuronpedia.org/llama3.1-8b/19-llamascope-res-131k/97422,"Brief conversational responses to greetings or communication checks, typically including acknowledgments, status updates, or confirmation phrases."
97855,https://www.neuronpedia.org/llama3.1-8b/19-llamascope-res-131k/97855,"Text mentioning voice assistants, smart speakers, and natural user interfaces for controlling smart home technology."
98059,https://www.neuronpedia.org/llama3.1-8b/19-llamascope-res-131k/98059,"Closing syntax elements or terminal punctuation that marks the end of a code block, documentation section, or content paragraph."
98751,https://www.neuronpedia.org/llama3.1-8b/19-llamascope-res-131k/98751,"Numbers representing measurements or dimensions in structured data tables, often appearing with units like inches, centimeters, or percentages."
99355,https://www.neuronpedia.org/llama3.1-8b/19-llamascope-res-131k/99355,"Common auxiliary and linking verbs (""makes"", ""will"", ""is/are/was/were"") combined with other words to form verb phrases, often appearing in contexts explaining relationships, processes, or states of being."
103346,https://www.neuronpedia.org/llama3.1-8b/19-llamascope-res-131k/103346,"Punctuation marks (especially parentheses, commas, and periods) that serve as transition points in text, often introducing asides, marking clause boundaries, or ending sentences."
103739,https://www.neuronpedia.org/llama3.1-8b/19-llamascope-res-131k/103739,"Email address usernames that identify specific departments, roles, or functions within organizations."
103745,https://www.neuronpedia.org/llama3.1-8b/19-llamascope-res-131k/103745,"Website URLs, citations, or formatted references that contain domain names, pathways, or bibliographic information such as author names, titles, publication details, and page numbers."
105800,https://www.neuronpedia.org/llama3.1-8b/19-llamascope-res-131k/105800,"Quotation marks in programming code, often used for string delimiters in different programming contexts like function parameters, array elements, or HTML attributes."
108458,https://www.neuronpedia.org/llama3.1-8b/19-llamascope-res-131k/108458,"Punctuation and descriptive phrases that introduce, explain or reference named entities, often in formal or news-style writing."
108950,https://www.neuronpedia.org/llama3.1-8b/19-llamascope-res-131k/108950,"Numbers that introduce questions or items in quizzes, educational materials, or structured content."
113541,https://www.neuronpedia.org/llama3.1-8b/19-llamascope-res-131k/113541,"Words in contexts referring to communication technology and systems, particularly ""telephone"" (device or system for voice communication) and to a lesser extent ""television"" (broadcasting medium), ""laboratory"" (research facility), and ""database"" (information storage system)."
113770,https://www.neuronpedia.org/llama3.1-8b/19-llamascope-res-131k/113770,"Links or action buttons on websites that allow users to perform actions like viewing content, downloading, sharing, exporting, editing content, or accessing additional information."
115539,https://www.neuronpedia.org/llama3.1-8b/19-llamascope-res-131k/115539,"Metaphorical terms related to disease, biology, and bodily dysfunction used to describe social, political, or organizational problems."
116154,https://www.neuronpedia.org/llama3.1-8b/19-llamascope-res-131k/116154,"URL patterns with double slashes and JavaScript variable declarations, particularly in obfuscated code that may be used for web scraping or malicious purposes."
116462,https://www.neuronpedia.org/llama3.1-8b/19-llamascope-res-131k/116462,Conjunctions and commas that connect clauses or establish logical relationships between parts of sentences.
119128,https://www.neuronpedia.org/llama3.1-8b/19-llamascope-res-131k/119128,"Conversational openers or exclamations at the beginning of online comments, typically expressing a reaction to previous content."
121627,https://www.neuronpedia.org/llama3.1-8b/19-llamascope-res-131k/121627,Function control flow operations and variable declarations that form the foundational structure of program execution.
122747,https://www.neuronpedia.org/llama3.1-8b/19-llamascope-res-131k/122747,"Words and phrases that indicate or describe figurative language, wordplay, or linguistic devices in academic or analytical contexts."
122916,https://www.neuronpedia.org/llama3.1-8b/19-llamascope-res-131k/122916,"User handles or usernames on social media platforms and online forums, often containing special characters, numbers, or stylized text. These typically appear in contexts related to profiles, comments, or user identification across various websites and platforms."
123774,https://www.neuronpedia.org/llama3.1-8b/19-llamascope-res-131k/123774,"Capital letter abbreviations or acronyms in technical, academic, or professional documents."
125736,https://www.neuronpedia.org/llama3.1-8b/19-llamascope-res-131k/125736,"Common idioms, proverbial expressions, or recognizable phrases that complete familiar sayings or cultural references."
127455,https://www.neuronpedia.org/llama3.1-8b/19-llamascope-res-131k/127455,"Words or phrases that represent technology products, platforms, or systems related to communication, AI, or digital interfaces - particularly references to chatbots, messaging systems, or language processing tools."
128009,https://www.neuronpedia.org/llama3.1-8b/19-llamascope-res-131k/128009,"Code syntax elements, particularly in programming and markup contexts, often showing method calls, operators, variable references, HTML tags, or other structural code elements. These frequently include delimiters like parentheses, brackets, or special characters that define programming language syntax."
129520,https://www.neuronpedia.org/llama3.1-8b/19-llamascope-res-131k/129520,"An empty marker at the beginning of a new section, paragraph, header, or content block in webpage or document layouts, often appearing between metadata and main content or between distinct content sections."
129765,https://www.neuronpedia.org/llama3.1-8b/19-llamascope-res-131k/129765,"Line breaks that separate distinct pieces of structured information, particularly in profiles, forms, or data records."
130724,https://www.neuronpedia.org/llama3.1-8b/19-llamascope-res-131k/130724,"Function declarations and implementations for G-code or M-code command processing functions, typically named with a pattern like ""gcode_M123()"" or ""void gcode_X()"" where X represents a command number."
