feature_id,link
143,https://www.neuronpedia.org/llama3.1-8b/11-llamascope-res-131k/143
289,https://www.neuronpedia.org/llama3.1-8b/11-llamascope-res-131k/289
325,https://www.neuronpedia.org/llama3.1-8b/11-llamascope-res-131k/325
385,https://www.neuronpedia.org/llama3.1-8b/11-llamascope-res-131k/385
484,https://www.neuronpedia.org/llama3.1-8b/11-llamascope-res-131k/484
511,https://www.neuronpedia.org/llama3.1-8b/11-llamascope-res-131k/511
863,https://www.neuronpedia.org/llama3.1-8b/11-llamascope-res-131k/863
1139,https://www.neuronpedia.org/llama3.1-8b/11-llamascope-res-131k/1139
1333,https://www.neuronpedia.org/llama3.1-8b/11-llamascope-res-131k/1333
1381,https://www.neuronpedia.org/llama3.1-8b/11-llamascope-res-131k/1381
1437,https://www.neuronpedia.org/llama3.1-8b/11-llamascope-res-131k/1437
2075,https://www.neuronpedia.org/llama3.1-8b/11-llamascope-res-131k/2075
2081,https://www.neuronpedia.org/llama3.1-8b/11-llamascope-res-131k/2081
2115,https://www.neuronpedia.org/llama3.1-8b/11-llamascope-res-131k/2115
2209,https://www.neuronpedia.org/llama3.1-8b/11-llamascope-res-131k/2209
2627,https://www.neuronpedia.org/llama3.1-8b/11-llamascope-res-131k/2627
2666,https://www.neuronpedia.org/llama3.1-8b/11-llamascope-res-131k/2666
2712,https://www.neuronpedia.org/llama3.1-8b/11-llamascope-res-131k/2712
2752,https://www.neuronpedia.org/llama3.1-8b/11-llamascope-res-131k/2752
2758,https://www.neuronpedia.org/llama3.1-8b/11-llamascope-res-131k/2758
3040,https://www.neuronpedia.org/llama3.1-8b/11-llamascope-res-131k/3040
3067,https://www.neuronpedia.org/llama3.1-8b/11-llamascope-res-131k/3067
3134,https://www.neuronpedia.org/llama3.1-8b/11-llamascope-res-131k/3134
3225,https://www.neuronpedia.org/llama3.1-8b/11-llamascope-res-131k/3225
3280,https://www.neuronpedia.org/llama3.1-8b/11-llamascope-res-131k/3280
3390,https://www.neuronpedia.org/llama3.1-8b/11-llamascope-res-131k/3390
3394,https://www.neuronpedia.org/llama3.1-8b/11-llamascope-res-131k/3394
3445,https://www.neuronpedia.org/llama3.1-8b/11-llamascope-res-131k/3445
3581,https://www.neuronpedia.org/llama3.1-8b/11-llamascope-res-131k/3581
3641,https://www.neuronpedia.org/llama3.1-8b/11-llamascope-res-131k/3641
3903,https://www.neuronpedia.org/llama3.1-8b/11-llamascope-res-131k/3903
4021,https://www.neuronpedia.org/llama3.1-8b/11-llamascope-res-131k/4021
4137,https://www.neuronpedia.org/llama3.1-8b/11-llamascope-res-131k/4137
4228,https://www.neuronpedia.org/llama3.1-8b/11-llamascope-res-131k/4228
4279,https://www.neuronpedia.org/llama3.1-8b/11-llamascope-res-131k/4279
4341,https://www.neuronpedia.org/llama3.1-8b/11-llamascope-res-131k/4341
4376,https://www.neuronpedia.org/llama3.1-8b/11-llamascope-res-131k/4376
4563,https://www.neuronpedia.org/llama3.1-8b/11-llamascope-res-131k/4563
4565,https://www.neuronpedia.org/llama3.1-8b/11-llamascope-res-131k/4565
4686,https://www.neuronpedia.org/llama3.1-8b/11-llamascope-res-131k/4686
4734,https://www.neuronpedia.org/llama3.1-8b/11-llamascope-res-131k/4734
4924,https://www.neuronpedia.org/llama3.1-8b/11-llamascope-res-131k/4924
4959,https://www.neuronpedia.org/llama3.1-8b/11-llamascope-res-131k/4959
5006,https://www.neuronpedia.org/llama3.1-8b/11-llamascope-res-131k/5006
5068,https://www.neuronpedia.org/llama3.1-8b/11-llamascope-res-131k/5068
5084,https://www.neuronpedia.org/llama3.1-8b/11-llamascope-res-131k/5084
5196,https://www.neuronpedia.org/llama3.1-8b/11-llamascope-res-131k/5196
5214,https://www.neuronpedia.org/llama3.1-8b/11-llamascope-res-131k/5214
5678,https://www.neuronpedia.org/llama3.1-8b/11-llamascope-res-131k/5678
5901,https://www.neuronpedia.org/llama3.1-8b/11-llamascope-res-131k/5901
5954,https://www.neuronpedia.org/llama3.1-8b/11-llamascope-res-131k/5954
5959,https://www.neuronpedia.org/llama3.1-8b/11-llamascope-res-131k/5959
6201,https://www.neuronpedia.org/llama3.1-8b/11-llamascope-res-131k/6201
6277,https://www.neuronpedia.org/llama3.1-8b/11-llamascope-res-131k/6277
6345,https://www.neuronpedia.org/llama3.1-8b/11-llamascope-res-131k/6345
6472,https://www.neuronpedia.org/llama3.1-8b/11-llamascope-res-131k/6472
6591,https://www.neuronpedia.org/llama3.1-8b/11-llamascope-res-131k/6591
6627,https://www.neuronpedia.org/llama3.1-8b/11-llamascope-res-131k/6627
6759,https://www.neuronpedia.org/llama3.1-8b/11-llamascope-res-131k/6759
6810,https://www.neuronpedia.org/llama3.1-8b/11-llamascope-res-131k/6810
7157,https://www.neuronpedia.org/llama3.1-8b/11-llamascope-res-131k/7157
7214,https://www.neuronpedia.org/llama3.1-8b/11-llamascope-res-131k/7214
7373,https://www.neuronpedia.org/llama3.1-8b/11-llamascope-res-131k/7373
7376,https://www.neuronpedia.org/llama3.1-8b/11-llamascope-res-131k/7376
7588,https://www.neuronpedia.org/llama3.1-8b/11-llamascope-res-131k/7588
7692,https://www.neuronpedia.org/llama3.1-8b/11-llamascope-res-131k/7692
7857,https://www.neuronpedia.org/llama3.1-8b/11-llamascope-res-131k/7857
7949,https://www.neuronpedia.org/llama3.1-8b/11-llamascope-res-131k/7949
8404,https://www.neuronpedia.org/llama3.1-8b/11-llamascope-res-131k/8404
8889,https://www.neuronpedia.org/llama3.1-8b/11-llamascope-res-131k/8889
9076,https://www.neuronpedia.org/llama3.1-8b/11-llamascope-res-131k/9076
9087,https://www.neuronpedia.org/llama3.1-8b/11-llamascope-res-131k/9087
9103,https://www.neuronpedia.org/llama3.1-8b/11-llamascope-res-131k/9103
9268,https://www.neuronpedia.org/llama3.1-8b/11-llamascope-res-131k/9268
9394,https://www.neuronpedia.org/llama3.1-8b/11-llamascope-res-131k/9394
9694,https://www.neuronpedia.org/llama3.1-8b/11-llamascope-res-131k/9694
9738,https://www.neuronpedia.org/llama3.1-8b/11-llamascope-res-131k/9738
10026,https://www.neuronpedia.org/llama3.1-8b/11-llamascope-res-131k/10026
10362,https://www.neuronpedia.org/llama3.1-8b/11-llamascope-res-131k/10362
10486,https://www.neuronpedia.org/llama3.1-8b/11-llamascope-res-131k/10486
10842,https://www.neuronpedia.org/llama3.1-8b/11-llamascope-res-131k/10842
11138,https://www.neuronpedia.org/llama3.1-8b/11-llamascope-res-131k/11138
11159,https://www.neuronpedia.org/llama3.1-8b/11-llamascope-res-131k/11159
11644,https://www.neuronpedia.org/llama3.1-8b/11-llamascope-res-131k/11644
11667,https://www.neuronpedia.org/llama3.1-8b/11-llamascope-res-131k/11667
11735,https://www.neuronpedia.org/llama3.1-8b/11-llamascope-res-131k/11735
11957,https://www.neuronpedia.org/llama3.1-8b/11-llamascope-res-131k/11957
12015,https://www.neuronpedia.org/llama3.1-8b/11-llamascope-res-131k/12015
12030,https://www.neuronpedia.org/llama3.1-8b/11-llamascope-res-131k/12030
12284,https://www.neuronpedia.org/llama3.1-8b/11-llamascope-res-131k/12284
12364,https://www.neuronpedia.org/llama3.1-8b/11-llamascope-res-131k/12364
12376,https://www.neuronpedia.org/llama3.1-8b/11-llamascope-res-131k/12376
12440,https://www.neuronpedia.org/llama3.1-8b/11-llamascope-res-131k/12440
12668,https://www.neuronpedia.org/llama3.1-8b/11-llamascope-res-131k/12668
12794,https://www.neuronpedia.org/llama3.1-8b/11-llamascope-res-131k/12794
12827,https://www.neuronpedia.org/llama3.1-8b/11-llamascope-res-131k/12827
13475,https://www.neuronpedia.org/llama3.1-8b/11-llamascope-res-131k/13475
13556,https://www.neuronpedia.org/llama3.1-8b/11-llamascope-res-131k/13556
13776,https://www.neuronpedia.org/llama3.1-8b/11-llamascope-res-131k/13776
13849,https://www.neuronpedia.org/llama3.1-8b/11-llamascope-res-131k/13849
14028,https://www.neuronpedia.org/llama3.1-8b/11-llamascope-res-131k/14028
14181,https://www.neuronpedia.org/llama3.1-8b/11-llamascope-res-131k/14181
14311,https://www.neuronpedia.org/llama3.1-8b/11-llamascope-res-131k/14311
14325,https://www.neuronpedia.org/llama3.1-8b/11-llamascope-res-131k/14325
14434,https://www.neuronpedia.org/llama3.1-8b/11-llamascope-res-131k/14434
14888,https://www.neuronpedia.org/llama3.1-8b/11-llamascope-res-131k/14888
15273,https://www.neuronpedia.org/llama3.1-8b/11-llamascope-res-131k/15273
15529,https://www.neuronpedia.org/llama3.1-8b/11-llamascope-res-131k/15529
15575,https://www.neuronpedia.org/llama3.1-8b/11-llamascope-res-131k/15575
15726,https://www.neuronpedia.org/llama3.1-8b/11-llamascope-res-131k/15726
15898,https://www.neuronpedia.org/llama3.1-8b/11-llamascope-res-131k/15898
15912,https://www.neuronpedia.org/llama3.1-8b/11-llamascope-res-131k/15912
16092,https://www.neuronpedia.org/llama3.1-8b/11-llamascope-res-131k/16092
16230,https://www.neuronpedia.org/llama3.1-8b/11-llamascope-res-131k/16230
16761,https://www.neuronpedia.org/llama3.1-8b/11-llamascope-res-131k/16761
16861,https://www.neuronpedia.org/llama3.1-8b/11-llamascope-res-131k/16861
17301,https://www.neuronpedia.org/llama3.1-8b/11-llamascope-res-131k/17301
17351,https://www.neuronpedia.org/llama3.1-8b/11-llamascope-res-131k/17351
17361,https://www.neuronpedia.org/llama3.1-8b/11-llamascope-res-131k/17361
17425,https://www.neuronpedia.org/llama3.1-8b/11-llamascope-res-131k/17425
17538,https://www.neuronpedia.org/llama3.1-8b/11-llamascope-res-131k/17538
17562,https://www.neuronpedia.org/llama3.1-8b/11-llamascope-res-131k/17562
17827,https://www.neuronpedia.org/llama3.1-8b/11-llamascope-res-131k/17827
17832,https://www.neuronpedia.org/llama3.1-8b/11-llamascope-res-131k/17832
17982,https://www.neuronpedia.org/llama3.1-8b/11-llamascope-res-131k/17982
18048,https://www.neuronpedia.org/llama3.1-8b/11-llamascope-res-131k/18048
18310,https://www.neuronpedia.org/llama3.1-8b/11-llamascope-res-131k/18310
18331,https://www.neuronpedia.org/llama3.1-8b/11-llamascope-res-131k/18331
18357,https://www.neuronpedia.org/llama3.1-8b/11-llamascope-res-131k/18357
18738,https://www.neuronpedia.org/llama3.1-8b/11-llamascope-res-131k/18738
18754,https://www.neuronpedia.org/llama3.1-8b/11-llamascope-res-131k/18754
18846,https://www.neuronpedia.org/llama3.1-8b/11-llamascope-res-131k/18846
18849,https://www.neuronpedia.org/llama3.1-8b/11-llamascope-res-131k/18849
18972,https://www.neuronpedia.org/llama3.1-8b/11-llamascope-res-131k/18972
18998,https://www.neuronpedia.org/llama3.1-8b/11-llamascope-res-131k/18998
19061,https://www.neuronpedia.org/llama3.1-8b/11-llamascope-res-131k/19061
19156,https://www.neuronpedia.org/llama3.1-8b/11-llamascope-res-131k/19156
19177,https://www.neuronpedia.org/llama3.1-8b/11-llamascope-res-131k/19177
19189,https://www.neuronpedia.org/llama3.1-8b/11-llamascope-res-131k/19189
19410,https://www.neuronpedia.org/llama3.1-8b/11-llamascope-res-131k/19410
19523,https://www.neuronpedia.org/llama3.1-8b/11-llamascope-res-131k/19523
19795,https://www.neuronpedia.org/llama3.1-8b/11-llamascope-res-131k/19795
20576,https://www.neuronpedia.org/llama3.1-8b/11-llamascope-res-131k/20576
20603,https://www.neuronpedia.org/llama3.1-8b/11-llamascope-res-131k/20603
20662,https://www.neuronpedia.org/llama3.1-8b/11-llamascope-res-131k/20662
20743,https://www.neuronpedia.org/llama3.1-8b/11-llamascope-res-131k/20743
20746,https://www.neuronpedia.org/llama3.1-8b/11-llamascope-res-131k/20746
21113,https://www.neuronpedia.org/llama3.1-8b/11-llamascope-res-131k/21113
21145,https://www.neuronpedia.org/llama3.1-8b/11-llamascope-res-131k/21145
21156,https://www.neuronpedia.org/llama3.1-8b/11-llamascope-res-131k/21156
21205,https://www.neuronpedia.org/llama3.1-8b/11-llamascope-res-131k/21205
21409,https://www.neuronpedia.org/llama3.1-8b/11-llamascope-res-131k/21409
21529,https://www.neuronpedia.org/llama3.1-8b/11-llamascope-res-131k/21529
21696,https://www.neuronpedia.org/llama3.1-8b/11-llamascope-res-131k/21696
21726,https://www.neuronpedia.org/llama3.1-8b/11-llamascope-res-131k/21726
22099,https://www.neuronpedia.org/llama3.1-8b/11-llamascope-res-131k/22099
22253,https://www.neuronpedia.org/llama3.1-8b/11-llamascope-res-131k/22253
22303,https://www.neuronpedia.org/llama3.1-8b/11-llamascope-res-131k/22303
22594,https://www.neuronpedia.org/llama3.1-8b/11-llamascope-res-131k/22594
22685,https://www.neuronpedia.org/llama3.1-8b/11-llamascope-res-131k/22685
22704,https://www.neuronpedia.org/llama3.1-8b/11-llamascope-res-131k/22704
22836,https://www.neuronpedia.org/llama3.1-8b/11-llamascope-res-131k/22836
22917,https://www.neuronpedia.org/llama3.1-8b/11-llamascope-res-131k/22917
23113,https://www.neuronpedia.org/llama3.1-8b/11-llamascope-res-131k/23113
23308,https://www.neuronpedia.org/llama3.1-8b/11-llamascope-res-131k/23308
23421,https://www.neuronpedia.org/llama3.1-8b/11-llamascope-res-131k/23421
23521,https://www.neuronpedia.org/llama3.1-8b/11-llamascope-res-131k/23521
23568,https://www.neuronpedia.org/llama3.1-8b/11-llamascope-res-131k/23568
23595,https://www.neuronpedia.org/llama3.1-8b/11-llamascope-res-131k/23595
23597,https://www.neuronpedia.org/llama3.1-8b/11-llamascope-res-131k/23597
23620,https://www.neuronpedia.org/llama3.1-8b/11-llamascope-res-131k/23620
23717,https://www.neuronpedia.org/llama3.1-8b/11-llamascope-res-131k/23717
24032,https://www.neuronpedia.org/llama3.1-8b/11-llamascope-res-131k/24032
24200,https://www.neuronpedia.org/llama3.1-8b/11-llamascope-res-131k/24200
24648,https://www.neuronpedia.org/llama3.1-8b/11-llamascope-res-131k/24648
24697,https://www.neuronpedia.org/llama3.1-8b/11-llamascope-res-131k/24697
25252,https://www.neuronpedia.org/llama3.1-8b/11-llamascope-res-131k/25252
25254,https://www.neuronpedia.org/llama3.1-8b/11-llamascope-res-131k/25254
25277,https://www.neuronpedia.org/llama3.1-8b/11-llamascope-res-131k/25277
25498,https://www.neuronpedia.org/llama3.1-8b/11-llamascope-res-131k/25498
25552,https://www.neuronpedia.org/llama3.1-8b/11-llamascope-res-131k/25552
25834,https://www.neuronpedia.org/llama3.1-8b/11-llamascope-res-131k/25834
25970,https://www.neuronpedia.org/llama3.1-8b/11-llamascope-res-131k/25970
26042,https://www.neuronpedia.org/llama3.1-8b/11-llamascope-res-131k/26042
26050,https://www.neuronpedia.org/llama3.1-8b/11-llamascope-res-131k/26050
26062,https://www.neuronpedia.org/llama3.1-8b/11-llamascope-res-131k/26062
26099,https://www.neuronpedia.org/llama3.1-8b/11-llamascope-res-131k/26099
26718,https://www.neuronpedia.org/llama3.1-8b/11-llamascope-res-131k/26718
27005,https://www.neuronpedia.org/llama3.1-8b/11-llamascope-res-131k/27005
27191,https://www.neuronpedia.org/llama3.1-8b/11-llamascope-res-131k/27191
27273,https://www.neuronpedia.org/llama3.1-8b/11-llamascope-res-131k/27273
27609,https://www.neuronpedia.org/llama3.1-8b/11-llamascope-res-131k/27609
27718,https://www.neuronpedia.org/llama3.1-8b/11-llamascope-res-131k/27718
28102,https://www.neuronpedia.org/llama3.1-8b/11-llamascope-res-131k/28102
28228,https://www.neuronpedia.org/llama3.1-8b/11-llamascope-res-131k/28228
28376,https://www.neuronpedia.org/llama3.1-8b/11-llamascope-res-131k/28376
28449,https://www.neuronpedia.org/llama3.1-8b/11-llamascope-res-131k/28449
28598,https://www.neuronpedia.org/llama3.1-8b/11-llamascope-res-131k/28598
28662,https://www.neuronpedia.org/llama3.1-8b/11-llamascope-res-131k/28662
28819,https://www.neuronpedia.org/llama3.1-8b/11-llamascope-res-131k/28819
28907,https://www.neuronpedia.org/llama3.1-8b/11-llamascope-res-131k/28907
28957,https://www.neuronpedia.org/llama3.1-8b/11-llamascope-res-131k/28957
29033,https://www.neuronpedia.org/llama3.1-8b/11-llamascope-res-131k/29033
29070,https://www.neuronpedia.org/llama3.1-8b/11-llamascope-res-131k/29070
29118,https://www.neuronpedia.org/llama3.1-8b/11-llamascope-res-131k/29118
29148,https://www.neuronpedia.org/llama3.1-8b/11-llamascope-res-131k/29148
29207,https://www.neuronpedia.org/llama3.1-8b/11-llamascope-res-131k/29207
29237,https://www.neuronpedia.org/llama3.1-8b/11-llamascope-res-131k/29237
29298,https://www.neuronpedia.org/llama3.1-8b/11-llamascope-res-131k/29298
29326,https://www.neuronpedia.org/llama3.1-8b/11-llamascope-res-131k/29326
29419,https://www.neuronpedia.org/llama3.1-8b/11-llamascope-res-131k/29419
29492,https://www.neuronpedia.org/llama3.1-8b/11-llamascope-res-131k/29492
29553,https://www.neuronpedia.org/llama3.1-8b/11-llamascope-res-131k/29553
29558,https://www.neuronpedia.org/llama3.1-8b/11-llamascope-res-131k/29558
29599,https://www.neuronpedia.org/llama3.1-8b/11-llamascope-res-131k/29599
29715,https://www.neuronpedia.org/llama3.1-8b/11-llamascope-res-131k/29715
29825,https://www.neuronpedia.org/llama3.1-8b/11-llamascope-res-131k/29825
30282,https://www.neuronpedia.org/llama3.1-8b/11-llamascope-res-131k/30282
30290,https://www.neuronpedia.org/llama3.1-8b/11-llamascope-res-131k/30290
30432,https://www.neuronpedia.org/llama3.1-8b/11-llamascope-res-131k/30432
30459,https://www.neuronpedia.org/llama3.1-8b/11-llamascope-res-131k/30459
30583,https://www.neuronpedia.org/llama3.1-8b/11-llamascope-res-131k/30583
30806,https://www.neuronpedia.org/llama3.1-8b/11-llamascope-res-131k/30806
30844,https://www.neuronpedia.org/llama3.1-8b/11-llamascope-res-131k/30844
30849,https://www.neuronpedia.org/llama3.1-8b/11-llamascope-res-131k/30849
31011,https://www.neuronpedia.org/llama3.1-8b/11-llamascope-res-131k/31011
31087,https://www.neuronpedia.org/llama3.1-8b/11-llamascope-res-131k/31087
31149,https://www.neuronpedia.org/llama3.1-8b/11-llamascope-res-131k/31149
31227,https://www.neuronpedia.org/llama3.1-8b/11-llamascope-res-131k/31227
31294,https://www.neuronpedia.org/llama3.1-8b/11-llamascope-res-131k/31294
31371,https://www.neuronpedia.org/llama3.1-8b/11-llamascope-res-131k/31371
31449,https://www.neuronpedia.org/llama3.1-8b/11-llamascope-res-131k/31449
31767,https://www.neuronpedia.org/llama3.1-8b/11-llamascope-res-131k/31767
31790,https://www.neuronpedia.org/llama3.1-8b/11-llamascope-res-131k/31790
31812,https://www.neuronpedia.org/llama3.1-8b/11-llamascope-res-131k/31812
31941,https://www.neuronpedia.org/llama3.1-8b/11-llamascope-res-131k/31941
32309,https://www.neuronpedia.org/llama3.1-8b/11-llamascope-res-131k/32309
32618,https://www.neuronpedia.org/llama3.1-8b/11-llamascope-res-131k/32618
32625,https://www.neuronpedia.org/llama3.1-8b/11-llamascope-res-131k/32625
32632,https://www.neuronpedia.org/llama3.1-8b/11-llamascope-res-131k/32632
32770,https://www.neuronpedia.org/llama3.1-8b/11-llamascope-res-131k/32770
33013,https://www.neuronpedia.org/llama3.1-8b/11-llamascope-res-131k/33013
33058,https://www.neuronpedia.org/llama3.1-8b/11-llamascope-res-131k/33058
33332,https://www.neuronpedia.org/llama3.1-8b/11-llamascope-res-131k/33332
33690,https://www.neuronpedia.org/llama3.1-8b/11-llamascope-res-131k/33690
33869,https://www.neuronpedia.org/llama3.1-8b/11-llamascope-res-131k/33869
33905,https://www.neuronpedia.org/llama3.1-8b/11-llamascope-res-131k/33905
34012,https://www.neuronpedia.org/llama3.1-8b/11-llamascope-res-131k/34012
34476,https://www.neuronpedia.org/llama3.1-8b/11-llamascope-res-131k/34476
34826,https://www.neuronpedia.org/llama3.1-8b/11-llamascope-res-131k/34826
34971,https://www.neuronpedia.org/llama3.1-8b/11-llamascope-res-131k/34971
35022,https://www.neuronpedia.org/llama3.1-8b/11-llamascope-res-131k/35022
35270,https://www.neuronpedia.org/llama3.1-8b/11-llamascope-res-131k/35270
35403,https://www.neuronpedia.org/llama3.1-8b/11-llamascope-res-131k/35403
35525,https://www.neuronpedia.org/llama3.1-8b/11-llamascope-res-131k/35525
35944,https://www.neuronpedia.org/llama3.1-8b/11-llamascope-res-131k/35944
36101,https://www.neuronpedia.org/llama3.1-8b/11-llamascope-res-131k/36101
36287,https://www.neuronpedia.org/llama3.1-8b/11-llamascope-res-131k/36287
36578,https://www.neuronpedia.org/llama3.1-8b/11-llamascope-res-131k/36578
36911,https://www.neuronpedia.org/llama3.1-8b/11-llamascope-res-131k/36911
37314,https://www.neuronpedia.org/llama3.1-8b/11-llamascope-res-131k/37314
37328,https://www.neuronpedia.org/llama3.1-8b/11-llamascope-res-131k/37328
37379,https://www.neuronpedia.org/llama3.1-8b/11-llamascope-res-131k/37379
37840,https://www.neuronpedia.org/llama3.1-8b/11-llamascope-res-131k/37840
37899,https://www.neuronpedia.org/llama3.1-8b/11-llamascope-res-131k/37899
38030,https://www.neuronpedia.org/llama3.1-8b/11-llamascope-res-131k/38030
38082,https://www.neuronpedia.org/llama3.1-8b/11-llamascope-res-131k/38082
38093,https://www.neuronpedia.org/llama3.1-8b/11-llamascope-res-131k/38093
38185,https://www.neuronpedia.org/llama3.1-8b/11-llamascope-res-131k/38185
38344,https://www.neuronpedia.org/llama3.1-8b/11-llamascope-res-131k/38344
38473,https://www.neuronpedia.org/llama3.1-8b/11-llamascope-res-131k/38473
38559,https://www.neuronpedia.org/llama3.1-8b/11-llamascope-res-131k/38559
38718,https://www.neuronpedia.org/llama3.1-8b/11-llamascope-res-131k/38718
39095,https://www.neuronpedia.org/llama3.1-8b/11-llamascope-res-131k/39095
39196,https://www.neuronpedia.org/llama3.1-8b/11-llamascope-res-131k/39196
39272,https://www.neuronpedia.org/llama3.1-8b/11-llamascope-res-131k/39272
39394,https://www.neuronpedia.org/llama3.1-8b/11-llamascope-res-131k/39394
39467,https://www.neuronpedia.org/llama3.1-8b/11-llamascope-res-131k/39467
39620,https://www.neuronpedia.org/llama3.1-8b/11-llamascope-res-131k/39620
39652,https://www.neuronpedia.org/llama3.1-8b/11-llamascope-res-131k/39652
39677,https://www.neuronpedia.org/llama3.1-8b/11-llamascope-res-131k/39677
40020,https://www.neuronpedia.org/llama3.1-8b/11-llamascope-res-131k/40020
40031,https://www.neuronpedia.org/llama3.1-8b/11-llamascope-res-131k/40031
40053,https://www.neuronpedia.org/llama3.1-8b/11-llamascope-res-131k/40053
40255,https://www.neuronpedia.org/llama3.1-8b/11-llamascope-res-131k/40255
40257,https://www.neuronpedia.org/llama3.1-8b/11-llamascope-res-131k/40257
40450,https://www.neuronpedia.org/llama3.1-8b/11-llamascope-res-131k/40450
40685,https://www.neuronpedia.org/llama3.1-8b/11-llamascope-res-131k/40685
40800,https://www.neuronpedia.org/llama3.1-8b/11-llamascope-res-131k/40800
40811,https://www.neuronpedia.org/llama3.1-8b/11-llamascope-res-131k/40811
40815,https://www.neuronpedia.org/llama3.1-8b/11-llamascope-res-131k/40815
40855,https://www.neuronpedia.org/llama3.1-8b/11-llamascope-res-131k/40855
40866,https://www.neuronpedia.org/llama3.1-8b/11-llamascope-res-131k/40866
40928,https://www.neuronpedia.org/llama3.1-8b/11-llamascope-res-131k/40928
41891,https://www.neuronpedia.org/llama3.1-8b/11-llamascope-res-131k/41891
42322,https://www.neuronpedia.org/llama3.1-8b/11-llamascope-res-131k/42322
42329,https://www.neuronpedia.org/llama3.1-8b/11-llamascope-res-131k/42329
42334,https://www.neuronpedia.org/llama3.1-8b/11-llamascope-res-131k/42334
42385,https://www.neuronpedia.org/llama3.1-8b/11-llamascope-res-131k/42385
42426,https://www.neuronpedia.org/llama3.1-8b/11-llamascope-res-131k/42426
42726,https://www.neuronpedia.org/llama3.1-8b/11-llamascope-res-131k/42726
42827,https://www.neuronpedia.org/llama3.1-8b/11-llamascope-res-131k/42827
42914,https://www.neuronpedia.org/llama3.1-8b/11-llamascope-res-131k/42914
42919,https://www.neuronpedia.org/llama3.1-8b/11-llamascope-res-131k/42919
42928,https://www.neuronpedia.org/llama3.1-8b/11-llamascope-res-131k/42928
43046,https://www.neuronpedia.org/llama3.1-8b/11-llamascope-res-131k/43046
43663,https://www.neuronpedia.org/llama3.1-8b/11-llamascope-res-131k/43663
43851,https://www.neuronpedia.org/llama3.1-8b/11-llamascope-res-131k/43851
44046,https://www.neuronpedia.org/llama3.1-8b/11-llamascope-res-131k/44046
44182,https://www.neuronpedia.org/llama3.1-8b/11-llamascope-res-131k/44182
44203,https://www.neuronpedia.org/llama3.1-8b/11-llamascope-res-131k/44203
44358,https://www.neuronpedia.org/llama3.1-8b/11-llamascope-res-131k/44358
44378,https://www.neuronpedia.org/llama3.1-8b/11-llamascope-res-131k/44378
44413,https://www.neuronpedia.org/llama3.1-8b/11-llamascope-res-131k/44413
44455,https://www.neuronpedia.org/llama3.1-8b/11-llamascope-res-131k/44455
44511,https://www.neuronpedia.org/llama3.1-8b/11-llamascope-res-131k/44511
44559,https://www.neuronpedia.org/llama3.1-8b/11-llamascope-res-131k/44559
44636,https://www.neuronpedia.org/llama3.1-8b/11-llamascope-res-131k/44636
44852,https://www.neuronpedia.org/llama3.1-8b/11-llamascope-res-131k/44852
45148,https://www.neuronpedia.org/llama3.1-8b/11-llamascope-res-131k/45148
45193,https://www.neuronpedia.org/llama3.1-8b/11-llamascope-res-131k/45193
45203,https://www.neuronpedia.org/llama3.1-8b/11-llamascope-res-131k/45203
45212,https://www.neuronpedia.org/llama3.1-8b/11-llamascope-res-131k/45212
45242,https://www.neuronpedia.org/llama3.1-8b/11-llamascope-res-131k/45242
45397,https://www.neuronpedia.org/llama3.1-8b/11-llamascope-res-131k/45397
45534,https://www.neuronpedia.org/llama3.1-8b/11-llamascope-res-131k/45534
45570,https://www.neuronpedia.org/llama3.1-8b/11-llamascope-res-131k/45570
45597,https://www.neuronpedia.org/llama3.1-8b/11-llamascope-res-131k/45597
45704,https://www.neuronpedia.org/llama3.1-8b/11-llamascope-res-131k/45704
45817,https://www.neuronpedia.org/llama3.1-8b/11-llamascope-res-131k/45817
45893,https://www.neuronpedia.org/llama3.1-8b/11-llamascope-res-131k/45893
46041,https://www.neuronpedia.org/llama3.1-8b/11-llamascope-res-131k/46041
46195,https://www.neuronpedia.org/llama3.1-8b/11-llamascope-res-131k/46195
46214,https://www.neuronpedia.org/llama3.1-8b/11-llamascope-res-131k/46214
46454,https://www.neuronpedia.org/llama3.1-8b/11-llamascope-res-131k/46454
46727,https://www.neuronpedia.org/llama3.1-8b/11-llamascope-res-131k/46727
46869,https://www.neuronpedia.org/llama3.1-8b/11-llamascope-res-131k/46869
47059,https://www.neuronpedia.org/llama3.1-8b/11-llamascope-res-131k/47059
47101,https://www.neuronpedia.org/llama3.1-8b/11-llamascope-res-131k/47101
47381,https://www.neuronpedia.org/llama3.1-8b/11-llamascope-res-131k/47381
47495,https://www.neuronpedia.org/llama3.1-8b/11-llamascope-res-131k/47495
47503,https://www.neuronpedia.org/llama3.1-8b/11-llamascope-res-131k/47503
47697,https://www.neuronpedia.org/llama3.1-8b/11-llamascope-res-131k/47697
47888,https://www.neuronpedia.org/llama3.1-8b/11-llamascope-res-131k/47888
47920,https://www.neuronpedia.org/llama3.1-8b/11-llamascope-res-131k/47920
48134,https://www.neuronpedia.org/llama3.1-8b/11-llamascope-res-131k/48134
48449,https://www.neuronpedia.org/llama3.1-8b/11-llamascope-res-131k/48449
48479,https://www.neuronpedia.org/llama3.1-8b/11-llamascope-res-131k/48479
48505,https://www.neuronpedia.org/llama3.1-8b/11-llamascope-res-131k/48505
48683,https://www.neuronpedia.org/llama3.1-8b/11-llamascope-res-131k/48683
48742,https://www.neuronpedia.org/llama3.1-8b/11-llamascope-res-131k/48742
49025,https://www.neuronpedia.org/llama3.1-8b/11-llamascope-res-131k/49025
49162,https://www.neuronpedia.org/llama3.1-8b/11-llamascope-res-131k/49162
49492,https://www.neuronpedia.org/llama3.1-8b/11-llamascope-res-131k/49492
49668,https://www.neuronpedia.org/llama3.1-8b/11-llamascope-res-131k/49668
49943,https://www.neuronpedia.org/llama3.1-8b/11-llamascope-res-131k/49943
49996,https://www.neuronpedia.org/llama3.1-8b/11-llamascope-res-131k/49996
50155,https://www.neuronpedia.org/llama3.1-8b/11-llamascope-res-131k/50155
50331,https://www.neuronpedia.org/llama3.1-8b/11-llamascope-res-131k/50331
50381,https://www.neuronpedia.org/llama3.1-8b/11-llamascope-res-131k/50381
50473,https://www.neuronpedia.org/llama3.1-8b/11-llamascope-res-131k/50473
50542,https://www.neuronpedia.org/llama3.1-8b/11-llamascope-res-131k/50542
50621,https://www.neuronpedia.org/llama3.1-8b/11-llamascope-res-131k/50621
50658,https://www.neuronpedia.org/llama3.1-8b/11-llamascope-res-131k/50658
50693,https://www.neuronpedia.org/llama3.1-8b/11-llamascope-res-131k/50693
50734,https://www.neuronpedia.org/llama3.1-8b/11-llamascope-res-131k/50734
50750,https://www.neuronpedia.org/llama3.1-8b/11-llamascope-res-131k/50750
51012,https://www.neuronpedia.org/llama3.1-8b/11-llamascope-res-131k/51012
51502,https://www.neuronpedia.org/llama3.1-8b/11-llamascope-res-131k/51502
51627,https://www.neuronpedia.org/llama3.1-8b/11-llamascope-res-131k/51627
51702,https://www.neuronpedia.org/llama3.1-8b/11-llamascope-res-131k/51702
51728,https://www.neuronpedia.org/llama3.1-8b/11-llamascope-res-131k/51728
51959,https://www.neuronpedia.org/llama3.1-8b/11-llamascope-res-131k/51959
51997,https://www.neuronpedia.org/llama3.1-8b/11-llamascope-res-131k/51997
52223,https://www.neuronpedia.org/llama3.1-8b/11-llamascope-res-131k/52223
52598,https://www.neuronpedia.org/llama3.1-8b/11-llamascope-res-131k/52598
52709,https://www.neuronpedia.org/llama3.1-8b/11-llamascope-res-131k/52709
52889,https://www.neuronpedia.org/llama3.1-8b/11-llamascope-res-131k/52889
53124,https://www.neuronpedia.org/llama3.1-8b/11-llamascope-res-131k/53124
53265,https://www.neuronpedia.org/llama3.1-8b/11-llamascope-res-131k/53265
53369,https://www.neuronpedia.org/llama3.1-8b/11-llamascope-res-131k/53369
53411,https://www.neuronpedia.org/llama3.1-8b/11-llamascope-res-131k/53411
53491,https://www.neuronpedia.org/llama3.1-8b/11-llamascope-res-131k/53491
53643,https://www.neuronpedia.org/llama3.1-8b/11-llamascope-res-131k/53643
53731,https://www.neuronpedia.org/llama3.1-8b/11-llamascope-res-131k/53731
53750,https://www.neuronpedia.org/llama3.1-8b/11-llamascope-res-131k/53750
53895,https://www.neuronpedia.org/llama3.1-8b/11-llamascope-res-131k/53895
53946,https://www.neuronpedia.org/llama3.1-8b/11-llamascope-res-131k/53946
54044,https://www.neuronpedia.org/llama3.1-8b/11-llamascope-res-131k/54044
54224,https://www.neuronpedia.org/llama3.1-8b/11-llamascope-res-131k/54224
54281,https://www.neuronpedia.org/llama3.1-8b/11-llamascope-res-131k/54281
54302,https://www.neuronpedia.org/llama3.1-8b/11-llamascope-res-131k/54302
54613,https://www.neuronpedia.org/llama3.1-8b/11-llamascope-res-131k/54613
54722,https://www.neuronpedia.org/llama3.1-8b/11-llamascope-res-131k/54722
54741,https://www.neuronpedia.org/llama3.1-8b/11-llamascope-res-131k/54741
55307,https://www.neuronpedia.org/llama3.1-8b/11-llamascope-res-131k/55307
55340,https://www.neuronpedia.org/llama3.1-8b/11-llamascope-res-131k/55340
55439,https://www.neuronpedia.org/llama3.1-8b/11-llamascope-res-131k/55439
55518,https://www.neuronpedia.org/llama3.1-8b/11-llamascope-res-131k/55518
55629,https://www.neuronpedia.org/llama3.1-8b/11-llamascope-res-131k/55629
55716,https://www.neuronpedia.org/llama3.1-8b/11-llamascope-res-131k/55716
55749,https://www.neuronpedia.org/llama3.1-8b/11-llamascope-res-131k/55749
55888,https://www.neuronpedia.org/llama3.1-8b/11-llamascope-res-131k/55888
55988,https://www.neuronpedia.org/llama3.1-8b/11-llamascope-res-131k/55988
56106,https://www.neuronpedia.org/llama3.1-8b/11-llamascope-res-131k/56106
56207,https://www.neuronpedia.org/llama3.1-8b/11-llamascope-res-131k/56207
56407,https://www.neuronpedia.org/llama3.1-8b/11-llamascope-res-131k/56407
56427,https://www.neuronpedia.org/llama3.1-8b/11-llamascope-res-131k/56427
56555,https://www.neuronpedia.org/llama3.1-8b/11-llamascope-res-131k/56555
56764,https://www.neuronpedia.org/llama3.1-8b/11-llamascope-res-131k/56764
56893,https://www.neuronpedia.org/llama3.1-8b/11-llamascope-res-131k/56893
57050,https://www.neuronpedia.org/llama3.1-8b/11-llamascope-res-131k/57050
57960,https://www.neuronpedia.org/llama3.1-8b/11-llamascope-res-131k/57960
58062,https://www.neuronpedia.org/llama3.1-8b/11-llamascope-res-131k/58062
58178,https://www.neuronpedia.org/llama3.1-8b/11-llamascope-res-131k/58178
58209,https://www.neuronpedia.org/llama3.1-8b/11-llamascope-res-131k/58209
58349,https://www.neuronpedia.org/llama3.1-8b/11-llamascope-res-131k/58349
58452,https://www.neuronpedia.org/llama3.1-8b/11-llamascope-res-131k/58452
58625,https://www.neuronpedia.org/llama3.1-8b/11-llamascope-res-131k/58625
59243,https://www.neuronpedia.org/llama3.1-8b/11-llamascope-res-131k/59243
59271,https://www.neuronpedia.org/llama3.1-8b/11-llamascope-res-131k/59271
59357,https://www.neuronpedia.org/llama3.1-8b/11-llamascope-res-131k/59357
59394,https://www.neuronpedia.org/llama3.1-8b/11-llamascope-res-131k/59394
59425,https://www.neuronpedia.org/llama3.1-8b/11-llamascope-res-131k/59425
60068,https://www.neuronpedia.org/llama3.1-8b/11-llamascope-res-131k/60068
60142,https://www.neuronpedia.org/llama3.1-8b/11-llamascope-res-131k/60142
60438,https://www.neuronpedia.org/llama3.1-8b/11-llamascope-res-131k/60438
60531,https://www.neuronpedia.org/llama3.1-8b/11-llamascope-res-131k/60531
60579,https://www.neuronpedia.org/llama3.1-8b/11-llamascope-res-131k/60579
60687,https://www.neuronpedia.org/llama3.1-8b/11-llamascope-res-131k/60687
61052,https://www.neuronpedia.org/llama3.1-8b/11-llamascope-res-131k/61052
61066,https://www.neuronpedia.org/llama3.1-8b/11-llamascope-res-131k/61066
61142,https://www.neuronpedia.org/llama3.1-8b/11-llamascope-res-131k/61142
61143,https://www.neuronpedia.org/llama3.1-8b/11-llamascope-res-131k/61143
61289,https://www.neuronpedia.org/llama3.1-8b/11-llamascope-res-131k/61289
61398,https://www.neuronpedia.org/llama3.1-8b/11-llamascope-res-131k/61398
61423,https://www.neuronpedia.org/llama3.1-8b/11-llamascope-res-131k/61423
61452,https://www.neuronpedia.org/llama3.1-8b/11-llamascope-res-131k/61452
61478,https://www.neuronpedia.org/llama3.1-8b/11-llamascope-res-131k/61478
61542,https://www.neuronpedia.org/llama3.1-8b/11-llamascope-res-131k/61542
61822,https://www.neuronpedia.org/llama3.1-8b/11-llamascope-res-131k/61822
62030,https://www.neuronpedia.org/llama3.1-8b/11-llamascope-res-131k/62030
62099,https://www.neuronpedia.org/llama3.1-8b/11-llamascope-res-131k/62099
62106,https://www.neuronpedia.org/llama3.1-8b/11-llamascope-res-131k/62106
62395,https://www.neuronpedia.org/llama3.1-8b/11-llamascope-res-131k/62395
62468,https://www.neuronpedia.org/llama3.1-8b/11-llamascope-res-131k/62468
62520,https://www.neuronpedia.org/llama3.1-8b/11-llamascope-res-131k/62520
62521,https://www.neuronpedia.org/llama3.1-8b/11-llamascope-res-131k/62521
62608,https://www.neuronpedia.org/llama3.1-8b/11-llamascope-res-131k/62608
62834,https://www.neuronpedia.org/llama3.1-8b/11-llamascope-res-131k/62834
63119,https://www.neuronpedia.org/llama3.1-8b/11-llamascope-res-131k/63119
63362,https://www.neuronpedia.org/llama3.1-8b/11-llamascope-res-131k/63362
63410,https://www.neuronpedia.org/llama3.1-8b/11-llamascope-res-131k/63410
63492,https://www.neuronpedia.org/llama3.1-8b/11-llamascope-res-131k/63492
63787,https://www.neuronpedia.org/llama3.1-8b/11-llamascope-res-131k/63787
63893,https://www.neuronpedia.org/llama3.1-8b/11-llamascope-res-131k/63893
64144,https://www.neuronpedia.org/llama3.1-8b/11-llamascope-res-131k/64144
64302,https://www.neuronpedia.org/llama3.1-8b/11-llamascope-res-131k/64302
64501,https://www.neuronpedia.org/llama3.1-8b/11-llamascope-res-131k/64501
64668,https://www.neuronpedia.org/llama3.1-8b/11-llamascope-res-131k/64668
65168,https://www.neuronpedia.org/llama3.1-8b/11-llamascope-res-131k/65168
65225,https://www.neuronpedia.org/llama3.1-8b/11-llamascope-res-131k/65225
65254,https://www.neuronpedia.org/llama3.1-8b/11-llamascope-res-131k/65254
65298,https://www.neuronpedia.org/llama3.1-8b/11-llamascope-res-131k/65298
65616,https://www.neuronpedia.org/llama3.1-8b/11-llamascope-res-131k/65616
65883,https://www.neuronpedia.org/llama3.1-8b/11-llamascope-res-131k/65883
66157,https://www.neuronpedia.org/llama3.1-8b/11-llamascope-res-131k/66157
66699,https://www.neuronpedia.org/llama3.1-8b/11-llamascope-res-131k/66699
66733,https://www.neuronpedia.org/llama3.1-8b/11-llamascope-res-131k/66733
66896,https://www.neuronpedia.org/llama3.1-8b/11-llamascope-res-131k/66896
68013,https://www.neuronpedia.org/llama3.1-8b/11-llamascope-res-131k/68013
68080,https://www.neuronpedia.org/llama3.1-8b/11-llamascope-res-131k/68080
68118,https://www.neuronpedia.org/llama3.1-8b/11-llamascope-res-131k/68118
68332,https://www.neuronpedia.org/llama3.1-8b/11-llamascope-res-131k/68332
68333,https://www.neuronpedia.org/llama3.1-8b/11-llamascope-res-131k/68333
68378,https://www.neuronpedia.org/llama3.1-8b/11-llamascope-res-131k/68378
68465,https://www.neuronpedia.org/llama3.1-8b/11-llamascope-res-131k/68465
68550,https://www.neuronpedia.org/llama3.1-8b/11-llamascope-res-131k/68550
68668,https://www.neuronpedia.org/llama3.1-8b/11-llamascope-res-131k/68668
68680,https://www.neuronpedia.org/llama3.1-8b/11-llamascope-res-131k/68680
68703,https://www.neuronpedia.org/llama3.1-8b/11-llamascope-res-131k/68703
69007,https://www.neuronpedia.org/llama3.1-8b/11-llamascope-res-131k/69007
69141,https://www.neuronpedia.org/llama3.1-8b/11-llamascope-res-131k/69141
69536,https://www.neuronpedia.org/llama3.1-8b/11-llamascope-res-131k/69536
69741,https://www.neuronpedia.org/llama3.1-8b/11-llamascope-res-131k/69741
69910,https://www.neuronpedia.org/llama3.1-8b/11-llamascope-res-131k/69910
69974,https://www.neuronpedia.org/llama3.1-8b/11-llamascope-res-131k/69974
70015,https://www.neuronpedia.org/llama3.1-8b/11-llamascope-res-131k/70015
70079,https://www.neuronpedia.org/llama3.1-8b/11-llamascope-res-131k/70079
70245,https://www.neuronpedia.org/llama3.1-8b/11-llamascope-res-131k/70245
70361,https://www.neuronpedia.org/llama3.1-8b/11-llamascope-res-131k/70361
70571,https://www.neuronpedia.org/llama3.1-8b/11-llamascope-res-131k/70571
70625,https://www.neuronpedia.org/llama3.1-8b/11-llamascope-res-131k/70625
70656,https://www.neuronpedia.org/llama3.1-8b/11-llamascope-res-131k/70656
70690,https://www.neuronpedia.org/llama3.1-8b/11-llamascope-res-131k/70690
70745,https://www.neuronpedia.org/llama3.1-8b/11-llamascope-res-131k/70745
70799,https://www.neuronpedia.org/llama3.1-8b/11-llamascope-res-131k/70799
70852,https://www.neuronpedia.org/llama3.1-8b/11-llamascope-res-131k/70852
70953,https://www.neuronpedia.org/llama3.1-8b/11-llamascope-res-131k/70953
71297,https://www.neuronpedia.org/llama3.1-8b/11-llamascope-res-131k/71297
71362,https://www.neuronpedia.org/llama3.1-8b/11-llamascope-res-131k/71362
71404,https://www.neuronpedia.org/llama3.1-8b/11-llamascope-res-131k/71404
71674,https://www.neuronpedia.org/llama3.1-8b/11-llamascope-res-131k/71674
71703,https://www.neuronpedia.org/llama3.1-8b/11-llamascope-res-131k/71703
71781,https://www.neuronpedia.org/llama3.1-8b/11-llamascope-res-131k/71781
71873,https://www.neuronpedia.org/llama3.1-8b/11-llamascope-res-131k/71873
71976,https://www.neuronpedia.org/llama3.1-8b/11-llamascope-res-131k/71976
72070,https://www.neuronpedia.org/llama3.1-8b/11-llamascope-res-131k/72070
72192,https://www.neuronpedia.org/llama3.1-8b/11-llamascope-res-131k/72192
72203,https://www.neuronpedia.org/llama3.1-8b/11-llamascope-res-131k/72203
72554,https://www.neuronpedia.org/llama3.1-8b/11-llamascope-res-131k/72554
72882,https://www.neuronpedia.org/llama3.1-8b/11-llamascope-res-131k/72882
72922,https://www.neuronpedia.org/llama3.1-8b/11-llamascope-res-131k/72922
72959,https://www.neuronpedia.org/llama3.1-8b/11-llamascope-res-131k/72959
73127,https://www.neuronpedia.org/llama3.1-8b/11-llamascope-res-131k/73127
73168,https://www.neuronpedia.org/llama3.1-8b/11-llamascope-res-131k/73168
73223,https://www.neuronpedia.org/llama3.1-8b/11-llamascope-res-131k/73223
73259,https://www.neuronpedia.org/llama3.1-8b/11-llamascope-res-131k/73259
73382,https://www.neuronpedia.org/llama3.1-8b/11-llamascope-res-131k/73382
73407,https://www.neuronpedia.org/llama3.1-8b/11-llamascope-res-131k/73407
73471,https://www.neuronpedia.org/llama3.1-8b/11-llamascope-res-131k/73471
73706,https://www.neuronpedia.org/llama3.1-8b/11-llamascope-res-131k/73706
74043,https://www.neuronpedia.org/llama3.1-8b/11-llamascope-res-131k/74043
74187,https://www.neuronpedia.org/llama3.1-8b/11-llamascope-res-131k/74187
74438,https://www.neuronpedia.org/llama3.1-8b/11-llamascope-res-131k/74438
74558,https://www.neuronpedia.org/llama3.1-8b/11-llamascope-res-131k/74558
74562,https://www.neuronpedia.org/llama3.1-8b/11-llamascope-res-131k/74562
74796,https://www.neuronpedia.org/llama3.1-8b/11-llamascope-res-131k/74796
74803,https://www.neuronpedia.org/llama3.1-8b/11-llamascope-res-131k/74803
74895,https://www.neuronpedia.org/llama3.1-8b/11-llamascope-res-131k/74895
75010,https://www.neuronpedia.org/llama3.1-8b/11-llamascope-res-131k/75010
75041,https://www.neuronpedia.org/llama3.1-8b/11-llamascope-res-131k/75041
75189,https://www.neuronpedia.org/llama3.1-8b/11-llamascope-res-131k/75189
75199,https://www.neuronpedia.org/llama3.1-8b/11-llamascope-res-131k/75199
75339,https://www.neuronpedia.org/llama3.1-8b/11-llamascope-res-131k/75339
75507,https://www.neuronpedia.org/llama3.1-8b/11-llamascope-res-131k/75507
75651,https://www.neuronpedia.org/llama3.1-8b/11-llamascope-res-131k/75651
76717,https://www.neuronpedia.org/llama3.1-8b/11-llamascope-res-131k/76717
76963,https://www.neuronpedia.org/llama3.1-8b/11-llamascope-res-131k/76963
77078,https://www.neuronpedia.org/llama3.1-8b/11-llamascope-res-131k/77078
77154,https://www.neuronpedia.org/llama3.1-8b/11-llamascope-res-131k/77154
77206,https://www.neuronpedia.org/llama3.1-8b/11-llamascope-res-131k/77206
77280,https://www.neuronpedia.org/llama3.1-8b/11-llamascope-res-131k/77280
77305,https://www.neuronpedia.org/llama3.1-8b/11-llamascope-res-131k/77305
77460,https://www.neuronpedia.org/llama3.1-8b/11-llamascope-res-131k/77460
77698,https://www.neuronpedia.org/llama3.1-8b/11-llamascope-res-131k/77698
77699,https://www.neuronpedia.org/llama3.1-8b/11-llamascope-res-131k/77699
78080,https://www.neuronpedia.org/llama3.1-8b/11-llamascope-res-131k/78080
78283,https://www.neuronpedia.org/llama3.1-8b/11-llamascope-res-131k/78283
78300,https://www.neuronpedia.org/llama3.1-8b/11-llamascope-res-131k/78300
78309,https://www.neuronpedia.org/llama3.1-8b/11-llamascope-res-131k/78309
78337,https://www.neuronpedia.org/llama3.1-8b/11-llamascope-res-131k/78337
78383,https://www.neuronpedia.org/llama3.1-8b/11-llamascope-res-131k/78383
78880,https://www.neuronpedia.org/llama3.1-8b/11-llamascope-res-131k/78880
79115,https://www.neuronpedia.org/llama3.1-8b/11-llamascope-res-131k/79115
79157,https://www.neuronpedia.org/llama3.1-8b/11-llamascope-res-131k/79157
79312,https://www.neuronpedia.org/llama3.1-8b/11-llamascope-res-131k/79312
79429,https://www.neuronpedia.org/llama3.1-8b/11-llamascope-res-131k/79429
79759,https://www.neuronpedia.org/llama3.1-8b/11-llamascope-res-131k/79759
79800,https://www.neuronpedia.org/llama3.1-8b/11-llamascope-res-131k/79800
79835,https://www.neuronpedia.org/llama3.1-8b/11-llamascope-res-131k/79835
80179,https://www.neuronpedia.org/llama3.1-8b/11-llamascope-res-131k/80179
80300,https://www.neuronpedia.org/llama3.1-8b/11-llamascope-res-131k/80300
80658,https://www.neuronpedia.org/llama3.1-8b/11-llamascope-res-131k/80658
80820,https://www.neuronpedia.org/llama3.1-8b/11-llamascope-res-131k/80820
80909,https://www.neuronpedia.org/llama3.1-8b/11-llamascope-res-131k/80909
80948,https://www.neuronpedia.org/llama3.1-8b/11-llamascope-res-131k/80948
81070,https://www.neuronpedia.org/llama3.1-8b/11-llamascope-res-131k/81070
81074,https://www.neuronpedia.org/llama3.1-8b/11-llamascope-res-131k/81074
81164,https://www.neuronpedia.org/llama3.1-8b/11-llamascope-res-131k/81164
81258,https://www.neuronpedia.org/llama3.1-8b/11-llamascope-res-131k/81258
81286,https://www.neuronpedia.org/llama3.1-8b/11-llamascope-res-131k/81286
81394,https://www.neuronpedia.org/llama3.1-8b/11-llamascope-res-131k/81394
81712,https://www.neuronpedia.org/llama3.1-8b/11-llamascope-res-131k/81712
81728,https://www.neuronpedia.org/llama3.1-8b/11-llamascope-res-131k/81728
81771,https://www.neuronpedia.org/llama3.1-8b/11-llamascope-res-131k/81771
81970,https://www.neuronpedia.org/llama3.1-8b/11-llamascope-res-131k/81970
82068,https://www.neuronpedia.org/llama3.1-8b/11-llamascope-res-131k/82068
82125,https://www.neuronpedia.org/llama3.1-8b/11-llamascope-res-131k/82125
82309,https://www.neuronpedia.org/llama3.1-8b/11-llamascope-res-131k/82309
82406,https://www.neuronpedia.org/llama3.1-8b/11-llamascope-res-131k/82406
82460,https://www.neuronpedia.org/llama3.1-8b/11-llamascope-res-131k/82460
82475,https://www.neuronpedia.org/llama3.1-8b/11-llamascope-res-131k/82475
82506,https://www.neuronpedia.org/llama3.1-8b/11-llamascope-res-131k/82506
82510,https://www.neuronpedia.org/llama3.1-8b/11-llamascope-res-131k/82510
82739,https://www.neuronpedia.org/llama3.1-8b/11-llamascope-res-131k/82739
82816,https://www.neuronpedia.org/llama3.1-8b/11-llamascope-res-131k/82816
83137,https://www.neuronpedia.org/llama3.1-8b/11-llamascope-res-131k/83137
83223,https://www.neuronpedia.org/llama3.1-8b/11-llamascope-res-131k/83223
83258,https://www.neuronpedia.org/llama3.1-8b/11-llamascope-res-131k/83258
83267,https://www.neuronpedia.org/llama3.1-8b/11-llamascope-res-131k/83267
83334,https://www.neuronpedia.org/llama3.1-8b/11-llamascope-res-131k/83334
83466,https://www.neuronpedia.org/llama3.1-8b/11-llamascope-res-131k/83466
83627,https://www.neuronpedia.org/llama3.1-8b/11-llamascope-res-131k/83627
83734,https://www.neuronpedia.org/llama3.1-8b/11-llamascope-res-131k/83734
83811,https://www.neuronpedia.org/llama3.1-8b/11-llamascope-res-131k/83811
84016,https://www.neuronpedia.org/llama3.1-8b/11-llamascope-res-131k/84016
84029,https://www.neuronpedia.org/llama3.1-8b/11-llamascope-res-131k/84029
84310,https://www.neuronpedia.org/llama3.1-8b/11-llamascope-res-131k/84310
84336,https://www.neuronpedia.org/llama3.1-8b/11-llamascope-res-131k/84336
84651,https://www.neuronpedia.org/llama3.1-8b/11-llamascope-res-131k/84651
84749,https://www.neuronpedia.org/llama3.1-8b/11-llamascope-res-131k/84749
84803,https://www.neuronpedia.org/llama3.1-8b/11-llamascope-res-131k/84803
84939,https://www.neuronpedia.org/llama3.1-8b/11-llamascope-res-131k/84939
85113,https://www.neuronpedia.org/llama3.1-8b/11-llamascope-res-131k/85113
85395,https://www.neuronpedia.org/llama3.1-8b/11-llamascope-res-131k/85395
85613,https://www.neuronpedia.org/llama3.1-8b/11-llamascope-res-131k/85613
85762,https://www.neuronpedia.org/llama3.1-8b/11-llamascope-res-131k/85762
85857,https://www.neuronpedia.org/llama3.1-8b/11-llamascope-res-131k/85857
85936,https://www.neuronpedia.org/llama3.1-8b/11-llamascope-res-131k/85936
86289,https://www.neuronpedia.org/llama3.1-8b/11-llamascope-res-131k/86289
86379,https://www.neuronpedia.org/llama3.1-8b/11-llamascope-res-131k/86379
86714,https://www.neuronpedia.org/llama3.1-8b/11-llamascope-res-131k/86714
87161,https://www.neuronpedia.org/llama3.1-8b/11-llamascope-res-131k/87161
87259,https://www.neuronpedia.org/llama3.1-8b/11-llamascope-res-131k/87259
87492,https://www.neuronpedia.org/llama3.1-8b/11-llamascope-res-131k/87492
87711,https://www.neuronpedia.org/llama3.1-8b/11-llamascope-res-131k/87711
87744,https://www.neuronpedia.org/llama3.1-8b/11-llamascope-res-131k/87744
87890,https://www.neuronpedia.org/llama3.1-8b/11-llamascope-res-131k/87890
87969,https://www.neuronpedia.org/llama3.1-8b/11-llamascope-res-131k/87969
88213,https://www.neuronpedia.org/llama3.1-8b/11-llamascope-res-131k/88213
88603,https://www.neuronpedia.org/llama3.1-8b/11-llamascope-res-131k/88603
88768,https://www.neuronpedia.org/llama3.1-8b/11-llamascope-res-131k/88768
88862,https://www.neuronpedia.org/llama3.1-8b/11-llamascope-res-131k/88862
88887,https://www.neuronpedia.org/llama3.1-8b/11-llamascope-res-131k/88887
89334,https://www.neuronpedia.org/llama3.1-8b/11-llamascope-res-131k/89334
89400,https://www.neuronpedia.org/llama3.1-8b/11-llamascope-res-131k/89400
89649,https://www.neuronpedia.org/llama3.1-8b/11-llamascope-res-131k/89649
89689,https://www.neuronpedia.org/llama3.1-8b/11-llamascope-res-131k/89689
89721,https://www.neuronpedia.org/llama3.1-8b/11-llamascope-res-131k/89721
89817,https://www.neuronpedia.org/llama3.1-8b/11-llamascope-res-131k/89817
89911,https://www.neuronpedia.org/llama3.1-8b/11-llamascope-res-131k/89911
90005,https://www.neuronpedia.org/llama3.1-8b/11-llamascope-res-131k/90005
90150,https://www.neuronpedia.org/llama3.1-8b/11-llamascope-res-131k/90150
90220,https://www.neuronpedia.org/llama3.1-8b/11-llamascope-res-131k/90220
90394,https://www.neuronpedia.org/llama3.1-8b/11-llamascope-res-131k/90394
90662,https://www.neuronpedia.org/llama3.1-8b/11-llamascope-res-131k/90662
90718,https://www.neuronpedia.org/llama3.1-8b/11-llamascope-res-131k/90718
90747,https://www.neuronpedia.org/llama3.1-8b/11-llamascope-res-131k/90747
91017,https://www.neuronpedia.org/llama3.1-8b/11-llamascope-res-131k/91017
91156,https://www.neuronpedia.org/llama3.1-8b/11-llamascope-res-131k/91156
91194,https://www.neuronpedia.org/llama3.1-8b/11-llamascope-res-131k/91194
91511,https://www.neuronpedia.org/llama3.1-8b/11-llamascope-res-131k/91511
91526,https://www.neuronpedia.org/llama3.1-8b/11-llamascope-res-131k/91526
91560,https://www.neuronpedia.org/llama3.1-8b/11-llamascope-res-131k/91560
91670,https://www.neuronpedia.org/llama3.1-8b/11-llamascope-res-131k/91670
92098,https://www.neuronpedia.org/llama3.1-8b/11-llamascope-res-131k/92098
92123,https://www.neuronpedia.org/llama3.1-8b/11-llamascope-res-131k/92123
92171,https://www.neuronpedia.org/llama3.1-8b/11-llamascope-res-131k/92171
92411,https://www.neuronpedia.org/llama3.1-8b/11-llamascope-res-131k/92411
92488,https://www.neuronpedia.org/llama3.1-8b/11-llamascope-res-131k/92488
92533,https://www.neuronpedia.org/llama3.1-8b/11-llamascope-res-131k/92533
92952,https://www.neuronpedia.org/llama3.1-8b/11-llamascope-res-131k/92952
93118,https://www.neuronpedia.org/llama3.1-8b/11-llamascope-res-131k/93118
93276,https://www.neuronpedia.org/llama3.1-8b/11-llamascope-res-131k/93276
93383,https://www.neuronpedia.org/llama3.1-8b/11-llamascope-res-131k/93383
93426,https://www.neuronpedia.org/llama3.1-8b/11-llamascope-res-131k/93426
93470,https://www.neuronpedia.org/llama3.1-8b/11-llamascope-res-131k/93470
93537,https://www.neuronpedia.org/llama3.1-8b/11-llamascope-res-131k/93537
93569,https://www.neuronpedia.org/llama3.1-8b/11-llamascope-res-131k/93569
93724,https://www.neuronpedia.org/llama3.1-8b/11-llamascope-res-131k/93724
93815,https://www.neuronpedia.org/llama3.1-8b/11-llamascope-res-131k/93815
93831,https://www.neuronpedia.org/llama3.1-8b/11-llamascope-res-131k/93831
93835,https://www.neuronpedia.org/llama3.1-8b/11-llamascope-res-131k/93835
93895,https://www.neuronpedia.org/llama3.1-8b/11-llamascope-res-131k/93895
93898,https://www.neuronpedia.org/llama3.1-8b/11-llamascope-res-131k/93898
93912,https://www.neuronpedia.org/llama3.1-8b/11-llamascope-res-131k/93912
94180,https://www.neuronpedia.org/llama3.1-8b/11-llamascope-res-131k/94180
94302,https://www.neuronpedia.org/llama3.1-8b/11-llamascope-res-131k/94302
94340,https://www.neuronpedia.org/llama3.1-8b/11-llamascope-res-131k/94340
94654,https://www.neuronpedia.org/llama3.1-8b/11-llamascope-res-131k/94654
94770,https://www.neuronpedia.org/llama3.1-8b/11-llamascope-res-131k/94770
94790,https://www.neuronpedia.org/llama3.1-8b/11-llamascope-res-131k/94790
94912,https://www.neuronpedia.org/llama3.1-8b/11-llamascope-res-131k/94912
95349,https://www.neuronpedia.org/llama3.1-8b/11-llamascope-res-131k/95349
95440,https://www.neuronpedia.org/llama3.1-8b/11-llamascope-res-131k/95440
95449,https://www.neuronpedia.org/llama3.1-8b/11-llamascope-res-131k/95449
95578,https://www.neuronpedia.org/llama3.1-8b/11-llamascope-res-131k/95578
95624,https://www.neuronpedia.org/llama3.1-8b/11-llamascope-res-131k/95624
96001,https://www.neuronpedia.org/llama3.1-8b/11-llamascope-res-131k/96001
96182,https://www.neuronpedia.org/llama3.1-8b/11-llamascope-res-131k/96182
96219,https://www.neuronpedia.org/llama3.1-8b/11-llamascope-res-131k/96219
96351,https://www.neuronpedia.org/llama3.1-8b/11-llamascope-res-131k/96351
96468,https://www.neuronpedia.org/llama3.1-8b/11-llamascope-res-131k/96468
96471,https://www.neuronpedia.org/llama3.1-8b/11-llamascope-res-131k/96471
96499,https://www.neuronpedia.org/llama3.1-8b/11-llamascope-res-131k/96499
96561,https://www.neuronpedia.org/llama3.1-8b/11-llamascope-res-131k/96561
96794,https://www.neuronpedia.org/llama3.1-8b/11-llamascope-res-131k/96794
96876,https://www.neuronpedia.org/llama3.1-8b/11-llamascope-res-131k/96876
97046,https://www.neuronpedia.org/llama3.1-8b/11-llamascope-res-131k/97046
97112,https://www.neuronpedia.org/llama3.1-8b/11-llamascope-res-131k/97112
97115,https://www.neuronpedia.org/llama3.1-8b/11-llamascope-res-131k/97115
97211,https://www.neuronpedia.org/llama3.1-8b/11-llamascope-res-131k/97211
97285,https://www.neuronpedia.org/llama3.1-8b/11-llamascope-res-131k/97285
97403,https://www.neuronpedia.org/llama3.1-8b/11-llamascope-res-131k/97403
97508,https://www.neuronpedia.org/llama3.1-8b/11-llamascope-res-131k/97508
97782,https://www.neuronpedia.org/llama3.1-8b/11-llamascope-res-131k/97782
97964,https://www.neuronpedia.org/llama3.1-8b/11-llamascope-res-131k/97964
98390,https://www.neuronpedia.org/llama3.1-8b/11-llamascope-res-131k/98390
98400,https://www.neuronpedia.org/llama3.1-8b/11-llamascope-res-131k/98400
98670,https://www.neuronpedia.org/llama3.1-8b/11-llamascope-res-131k/98670
98858,https://www.neuronpedia.org/llama3.1-8b/11-llamascope-res-131k/98858
99210,https://www.neuronpedia.org/llama3.1-8b/11-llamascope-res-131k/99210
99406,https://www.neuronpedia.org/llama3.1-8b/11-llamascope-res-131k/99406
99532,https://www.neuronpedia.org/llama3.1-8b/11-llamascope-res-131k/99532
99569,https://www.neuronpedia.org/llama3.1-8b/11-llamascope-res-131k/99569
99570,https://www.neuronpedia.org/llama3.1-8b/11-llamascope-res-131k/99570
99591,https://www.neuronpedia.org/llama3.1-8b/11-llamascope-res-131k/99591
99945,https://www.neuronpedia.org/llama3.1-8b/11-llamascope-res-131k/99945
100349,https://www.neuronpedia.org/llama3.1-8b/11-llamascope-res-131k/100349
100639,https://www.neuronpedia.org/llama3.1-8b/11-llamascope-res-131k/100639
100693,https://www.neuronpedia.org/llama3.1-8b/11-llamascope-res-131k/100693
101067,https://www.neuronpedia.org/llama3.1-8b/11-llamascope-res-131k/101067
101076,https://www.neuronpedia.org/llama3.1-8b/11-llamascope-res-131k/101076
101202,https://www.neuronpedia.org/llama3.1-8b/11-llamascope-res-131k/101202
101339,https://www.neuronpedia.org/llama3.1-8b/11-llamascope-res-131k/101339
101456,https://www.neuronpedia.org/llama3.1-8b/11-llamascope-res-131k/101456
101568,https://www.neuronpedia.org/llama3.1-8b/11-llamascope-res-131k/101568
101609,https://www.neuronpedia.org/llama3.1-8b/11-llamascope-res-131k/101609
101882,https://www.neuronpedia.org/llama3.1-8b/11-llamascope-res-131k/101882
102014,https://www.neuronpedia.org/llama3.1-8b/11-llamascope-res-131k/102014
102242,https://www.neuronpedia.org/llama3.1-8b/11-llamascope-res-131k/102242
102437,https://www.neuronpedia.org/llama3.1-8b/11-llamascope-res-131k/102437
102822,https://www.neuronpedia.org/llama3.1-8b/11-llamascope-res-131k/102822
102991,https://www.neuronpedia.org/llama3.1-8b/11-llamascope-res-131k/102991
103016,https://www.neuronpedia.org/llama3.1-8b/11-llamascope-res-131k/103016
103092,https://www.neuronpedia.org/llama3.1-8b/11-llamascope-res-131k/103092
103227,https://www.neuronpedia.org/llama3.1-8b/11-llamascope-res-131k/103227
103293,https://www.neuronpedia.org/llama3.1-8b/11-llamascope-res-131k/103293
103429,https://www.neuronpedia.org/llama3.1-8b/11-llamascope-res-131k/103429
103615,https://www.neuronpedia.org/llama3.1-8b/11-llamascope-res-131k/103615
103801,https://www.neuronpedia.org/llama3.1-8b/11-llamascope-res-131k/103801
103900,https://www.neuronpedia.org/llama3.1-8b/11-llamascope-res-131k/103900
103949,https://www.neuronpedia.org/llama3.1-8b/11-llamascope-res-131k/103949
103951,https://www.neuronpedia.org/llama3.1-8b/11-llamascope-res-131k/103951
104023,https://www.neuronpedia.org/llama3.1-8b/11-llamascope-res-131k/104023
104027,https://www.neuronpedia.org/llama3.1-8b/11-llamascope-res-131k/104027
104135,https://www.neuronpedia.org/llama3.1-8b/11-llamascope-res-131k/104135
104781,https://www.neuronpedia.org/llama3.1-8b/11-llamascope-res-131k/104781
104820,https://www.neuronpedia.org/llama3.1-8b/11-llamascope-res-131k/104820
105419,https://www.neuronpedia.org/llama3.1-8b/11-llamascope-res-131k/105419
105454,https://www.neuronpedia.org/llama3.1-8b/11-llamascope-res-131k/105454
105722,https://www.neuronpedia.org/llama3.1-8b/11-llamascope-res-131k/105722
105960,https://www.neuronpedia.org/llama3.1-8b/11-llamascope-res-131k/105960
105961,https://www.neuronpedia.org/llama3.1-8b/11-llamascope-res-131k/105961
106082,https://www.neuronpedia.org/llama3.1-8b/11-llamascope-res-131k/106082
106129,https://www.neuronpedia.org/llama3.1-8b/11-llamascope-res-131k/106129
106232,https://www.neuronpedia.org/llama3.1-8b/11-llamascope-res-131k/106232
106316,https://www.neuronpedia.org/llama3.1-8b/11-llamascope-res-131k/106316
106511,https://www.neuronpedia.org/llama3.1-8b/11-llamascope-res-131k/106511
106595,https://www.neuronpedia.org/llama3.1-8b/11-llamascope-res-131k/106595
106766,https://www.neuronpedia.org/llama3.1-8b/11-llamascope-res-131k/106766
107096,https://www.neuronpedia.org/llama3.1-8b/11-llamascope-res-131k/107096
107196,https://www.neuronpedia.org/llama3.1-8b/11-llamascope-res-131k/107196
107549,https://www.neuronpedia.org/llama3.1-8b/11-llamascope-res-131k/107549
107596,https://www.neuronpedia.org/llama3.1-8b/11-llamascope-res-131k/107596
107620,https://www.neuronpedia.org/llama3.1-8b/11-llamascope-res-131k/107620
107667,https://www.neuronpedia.org/llama3.1-8b/11-llamascope-res-131k/107667
107845,https://www.neuronpedia.org/llama3.1-8b/11-llamascope-res-131k/107845
107911,https://www.neuronpedia.org/llama3.1-8b/11-llamascope-res-131k/107911
108102,https://www.neuronpedia.org/llama3.1-8b/11-llamascope-res-131k/108102
108208,https://www.neuronpedia.org/llama3.1-8b/11-llamascope-res-131k/108208
108457,https://www.neuronpedia.org/llama3.1-8b/11-llamascope-res-131k/108457
108658,https://www.neuronpedia.org/llama3.1-8b/11-llamascope-res-131k/108658
108933,https://www.neuronpedia.org/llama3.1-8b/11-llamascope-res-131k/108933
109018,https://www.neuronpedia.org/llama3.1-8b/11-llamascope-res-131k/109018
109136,https://www.neuronpedia.org/llama3.1-8b/11-llamascope-res-131k/109136
109187,https://www.neuronpedia.org/llama3.1-8b/11-llamascope-res-131k/109187
109446,https://www.neuronpedia.org/llama3.1-8b/11-llamascope-res-131k/109446
109545,https://www.neuronpedia.org/llama3.1-8b/11-llamascope-res-131k/109545
109797,https://www.neuronpedia.org/llama3.1-8b/11-llamascope-res-131k/109797
109826,https://www.neuronpedia.org/llama3.1-8b/11-llamascope-res-131k/109826
110085,https://www.neuronpedia.org/llama3.1-8b/11-llamascope-res-131k/110085
110108,https://www.neuronpedia.org/llama3.1-8b/11-llamascope-res-131k/110108
110156,https://www.neuronpedia.org/llama3.1-8b/11-llamascope-res-131k/110156
110494,https://www.neuronpedia.org/llama3.1-8b/11-llamascope-res-131k/110494
110495,https://www.neuronpedia.org/llama3.1-8b/11-llamascope-res-131k/110495
110659,https://www.neuronpedia.org/llama3.1-8b/11-llamascope-res-131k/110659
110755,https://www.neuronpedia.org/llama3.1-8b/11-llamascope-res-131k/110755
110789,https://www.neuronpedia.org/llama3.1-8b/11-llamascope-res-131k/110789
110914,https://www.neuronpedia.org/llama3.1-8b/11-llamascope-res-131k/110914
110933,https://www.neuronpedia.org/llama3.1-8b/11-llamascope-res-131k/110933
111038,https://www.neuronpedia.org/llama3.1-8b/11-llamascope-res-131k/111038
111309,https://www.neuronpedia.org/llama3.1-8b/11-llamascope-res-131k/111309
111551,https://www.neuronpedia.org/llama3.1-8b/11-llamascope-res-131k/111551
111598,https://www.neuronpedia.org/llama3.1-8b/11-llamascope-res-131k/111598
111671,https://www.neuronpedia.org/llama3.1-8b/11-llamascope-res-131k/111671
111741,https://www.neuronpedia.org/llama3.1-8b/11-llamascope-res-131k/111741
111816,https://www.neuronpedia.org/llama3.1-8b/11-llamascope-res-131k/111816
111819,https://www.neuronpedia.org/llama3.1-8b/11-llamascope-res-131k/111819
112471,https://www.neuronpedia.org/llama3.1-8b/11-llamascope-res-131k/112471
112598,https://www.neuronpedia.org/llama3.1-8b/11-llamascope-res-131k/112598
112660,https://www.neuronpedia.org/llama3.1-8b/11-llamascope-res-131k/112660
112731,https://www.neuronpedia.org/llama3.1-8b/11-llamascope-res-131k/112731
112747,https://www.neuronpedia.org/llama3.1-8b/11-llamascope-res-131k/112747
112991,https://www.neuronpedia.org/llama3.1-8b/11-llamascope-res-131k/112991
113109,https://www.neuronpedia.org/llama3.1-8b/11-llamascope-res-131k/113109
113201,https://www.neuronpedia.org/llama3.1-8b/11-llamascope-res-131k/113201
113339,https://www.neuronpedia.org/llama3.1-8b/11-llamascope-res-131k/113339
113486,https://www.neuronpedia.org/llama3.1-8b/11-llamascope-res-131k/113486
113695,https://www.neuronpedia.org/llama3.1-8b/11-llamascope-res-131k/113695
113986,https://www.neuronpedia.org/llama3.1-8b/11-llamascope-res-131k/113986
114171,https://www.neuronpedia.org/llama3.1-8b/11-llamascope-res-131k/114171
114189,https://www.neuronpedia.org/llama3.1-8b/11-llamascope-res-131k/114189
114488,https://www.neuronpedia.org/llama3.1-8b/11-llamascope-res-131k/114488
115038,https://www.neuronpedia.org/llama3.1-8b/11-llamascope-res-131k/115038
115189,https://www.neuronpedia.org/llama3.1-8b/11-llamascope-res-131k/115189
115241,https://www.neuronpedia.org/llama3.1-8b/11-llamascope-res-131k/115241
115250,https://www.neuronpedia.org/llama3.1-8b/11-llamascope-res-131k/115250
115351,https://www.neuronpedia.org/llama3.1-8b/11-llamascope-res-131k/115351
115385,https://www.neuronpedia.org/llama3.1-8b/11-llamascope-res-131k/115385
115427,https://www.neuronpedia.org/llama3.1-8b/11-llamascope-res-131k/115427
115487,https://www.neuronpedia.org/llama3.1-8b/11-llamascope-res-131k/115487
115500,https://www.neuronpedia.org/llama3.1-8b/11-llamascope-res-131k/115500
115512,https://www.neuronpedia.org/llama3.1-8b/11-llamascope-res-131k/115512
115627,https://www.neuronpedia.org/llama3.1-8b/11-llamascope-res-131k/115627
115656,https://www.neuronpedia.org/llama3.1-8b/11-llamascope-res-131k/115656
115740,https://www.neuronpedia.org/llama3.1-8b/11-llamascope-res-131k/115740
116729,https://www.neuronpedia.org/llama3.1-8b/11-llamascope-res-131k/116729
116761,https://www.neuronpedia.org/llama3.1-8b/11-llamascope-res-131k/116761
117146,https://www.neuronpedia.org/llama3.1-8b/11-llamascope-res-131k/117146
117564,https://www.neuronpedia.org/llama3.1-8b/11-llamascope-res-131k/117564
117764,https://www.neuronpedia.org/llama3.1-8b/11-llamascope-res-131k/117764
117868,https://www.neuronpedia.org/llama3.1-8b/11-llamascope-res-131k/117868
118008,https://www.neuronpedia.org/llama3.1-8b/11-llamascope-res-131k/118008
118490,https://www.neuronpedia.org/llama3.1-8b/11-llamascope-res-131k/118490
118542,https://www.neuronpedia.org/llama3.1-8b/11-llamascope-res-131k/118542
118582,https://www.neuronpedia.org/llama3.1-8b/11-llamascope-res-131k/118582
118634,https://www.neuronpedia.org/llama3.1-8b/11-llamascope-res-131k/118634
118645,https://www.neuronpedia.org/llama3.1-8b/11-llamascope-res-131k/118645
118664,https://www.neuronpedia.org/llama3.1-8b/11-llamascope-res-131k/118664
118901,https://www.neuronpedia.org/llama3.1-8b/11-llamascope-res-131k/118901
119489,https://www.neuronpedia.org/llama3.1-8b/11-llamascope-res-131k/119489
119721,https://www.neuronpedia.org/llama3.1-8b/11-llamascope-res-131k/119721
119758,https://www.neuronpedia.org/llama3.1-8b/11-llamascope-res-131k/119758
120116,https://www.neuronpedia.org/llama3.1-8b/11-llamascope-res-131k/120116
120264,https://www.neuronpedia.org/llama3.1-8b/11-llamascope-res-131k/120264
120477,https://www.neuronpedia.org/llama3.1-8b/11-llamascope-res-131k/120477
120539,https://www.neuronpedia.org/llama3.1-8b/11-llamascope-res-131k/120539
120633,https://www.neuronpedia.org/llama3.1-8b/11-llamascope-res-131k/120633
120663,https://www.neuronpedia.org/llama3.1-8b/11-llamascope-res-131k/120663
120692,https://www.neuronpedia.org/llama3.1-8b/11-llamascope-res-131k/120692
120731,https://www.neuronpedia.org/llama3.1-8b/11-llamascope-res-131k/120731
120735,https://www.neuronpedia.org/llama3.1-8b/11-llamascope-res-131k/120735
121064,https://www.neuronpedia.org/llama3.1-8b/11-llamascope-res-131k/121064
121097,https://www.neuronpedia.org/llama3.1-8b/11-llamascope-res-131k/121097
121160,https://www.neuronpedia.org/llama3.1-8b/11-llamascope-res-131k/121160
121274,https://www.neuronpedia.org/llama3.1-8b/11-llamascope-res-131k/121274
121439,https://www.neuronpedia.org/llama3.1-8b/11-llamascope-res-131k/121439
121474,https://www.neuronpedia.org/llama3.1-8b/11-llamascope-res-131k/121474
121475,https://www.neuronpedia.org/llama3.1-8b/11-llamascope-res-131k/121475
121608,https://www.neuronpedia.org/llama3.1-8b/11-llamascope-res-131k/121608
121769,https://www.neuronpedia.org/llama3.1-8b/11-llamascope-res-131k/121769
122266,https://www.neuronpedia.org/llama3.1-8b/11-llamascope-res-131k/122266
122652,https://www.neuronpedia.org/llama3.1-8b/11-llamascope-res-131k/122652
122848,https://www.neuronpedia.org/llama3.1-8b/11-llamascope-res-131k/122848
122902,https://www.neuronpedia.org/llama3.1-8b/11-llamascope-res-131k/122902
123040,https://www.neuronpedia.org/llama3.1-8b/11-llamascope-res-131k/123040
123142,https://www.neuronpedia.org/llama3.1-8b/11-llamascope-res-131k/123142
123506,https://www.neuronpedia.org/llama3.1-8b/11-llamascope-res-131k/123506
123713,https://www.neuronpedia.org/llama3.1-8b/11-llamascope-res-131k/123713
123772,https://www.neuronpedia.org/llama3.1-8b/11-llamascope-res-131k/123772
123794,https://www.neuronpedia.org/llama3.1-8b/11-llamascope-res-131k/123794
124130,https://www.neuronpedia.org/llama3.1-8b/11-llamascope-res-131k/124130
124354,https://www.neuronpedia.org/llama3.1-8b/11-llamascope-res-131k/124354
124438,https://www.neuronpedia.org/llama3.1-8b/11-llamascope-res-131k/124438
124523,https://www.neuronpedia.org/llama3.1-8b/11-llamascope-res-131k/124523
124593,https://www.neuronpedia.org/llama3.1-8b/11-llamascope-res-131k/124593
124764,https://www.neuronpedia.org/llama3.1-8b/11-llamascope-res-131k/124764
124937,https://www.neuronpedia.org/llama3.1-8b/11-llamascope-res-131k/124937
124982,https://www.neuronpedia.org/llama3.1-8b/11-llamascope-res-131k/124982
125181,https://www.neuronpedia.org/llama3.1-8b/11-llamascope-res-131k/125181
125219,https://www.neuronpedia.org/llama3.1-8b/11-llamascope-res-131k/125219
125244,https://www.neuronpedia.org/llama3.1-8b/11-llamascope-res-131k/125244
125434,https://www.neuronpedia.org/llama3.1-8b/11-llamascope-res-131k/125434
125444,https://www.neuronpedia.org/llama3.1-8b/11-llamascope-res-131k/125444
125458,https://www.neuronpedia.org/llama3.1-8b/11-llamascope-res-131k/125458
125774,https://www.neuronpedia.org/llama3.1-8b/11-llamascope-res-131k/125774
126406,https://www.neuronpedia.org/llama3.1-8b/11-llamascope-res-131k/126406
126416,https://www.neuronpedia.org/llama3.1-8b/11-llamascope-res-131k/126416
126437,https://www.neuronpedia.org/llama3.1-8b/11-llamascope-res-131k/126437
126656,https://www.neuronpedia.org/llama3.1-8b/11-llamascope-res-131k/126656
126846,https://www.neuronpedia.org/llama3.1-8b/11-llamascope-res-131k/126846
126897,https://www.neuronpedia.org/llama3.1-8b/11-llamascope-res-131k/126897
126973,https://www.neuronpedia.org/llama3.1-8b/11-llamascope-res-131k/126973
127025,https://www.neuronpedia.org/llama3.1-8b/11-llamascope-res-131k/127025
127312,https://www.neuronpedia.org/llama3.1-8b/11-llamascope-res-131k/127312
127493,https://www.neuronpedia.org/llama3.1-8b/11-llamascope-res-131k/127493
127577,https://www.neuronpedia.org/llama3.1-8b/11-llamascope-res-131k/127577
127591,https://www.neuronpedia.org/llama3.1-8b/11-llamascope-res-131k/127591
127764,https://www.neuronpedia.org/llama3.1-8b/11-llamascope-res-131k/127764
128074,https://www.neuronpedia.org/llama3.1-8b/11-llamascope-res-131k/128074
128196,https://www.neuronpedia.org/llama3.1-8b/11-llamascope-res-131k/128196
128341,https://www.neuronpedia.org/llama3.1-8b/11-llamascope-res-131k/128341
128373,https://www.neuronpedia.org/llama3.1-8b/11-llamascope-res-131k/128373
128431,https://www.neuronpedia.org/llama3.1-8b/11-llamascope-res-131k/128431
128670,https://www.neuronpedia.org/llama3.1-8b/11-llamascope-res-131k/128670
128859,https://www.neuronpedia.org/llama3.1-8b/11-llamascope-res-131k/128859
128982,https://www.neuronpedia.org/llama3.1-8b/11-llamascope-res-131k/128982
129137,https://www.neuronpedia.org/llama3.1-8b/11-llamascope-res-131k/129137
129276,https://www.neuronpedia.org/llama3.1-8b/11-llamascope-res-131k/129276
129383,https://www.neuronpedia.org/llama3.1-8b/11-llamascope-res-131k/129383
129728,https://www.neuronpedia.org/llama3.1-8b/11-llamascope-res-131k/129728
129924,https://www.neuronpedia.org/llama3.1-8b/11-llamascope-res-131k/129924
130493,https://www.neuronpedia.org/llama3.1-8b/11-llamascope-res-131k/130493
130790,https://www.neuronpedia.org/llama3.1-8b/11-llamascope-res-131k/130790
131033,https://www.neuronpedia.org/llama3.1-8b/11-llamascope-res-131k/131033
